SID0000001,EXAM000E11,64
SID0000002,EXAM000E11,29
SID0000003,EXAM000E11,81
SID0000004,EXAM000E11,40
SID0000005,EXAM000E11,25
SID0000006,EXAM000E11,77
SID0000007,EXAM000E11,50
SID0000008,EXAM000E11,41
SID0000009,EXAM000E11,81
SID0000010,EXAM000E11,88
SID0000011,EXAM000E11,59
SID0000012,EXAM000E11,76
SID0000013,EXAM000E11,46
SID0000014,EXAM000E11,88
SID0000015,EXAM000E11,83
SID0000016,EXAM000E11,86
SID0000017,EXAM000E11,49
SID0000018,EXAM000E11,99
SID0000019,EXAM000E11,25
SID0000020,EXAM000E11,92
SID0000021,EXAM000E11,51
SID0000022,EXAM000E11,52
SID0000023,EXAM000E11,28
SID0000024,EXAM000E11,58
SID0000025,EXAM000E11,84
SID0000026,EXAM000E11,30
SID0000027,EXAM000E11,90
SID0000028,EXAM000E11,52
SID0000029,EXAM000E11,62
SID0000030,EXAM000E11,87
SID0000031,EXAM000E11,22
SID0000032,EXAM000E11,85
SID0000033,EXAM000E11,86
SID0000034,EXAM000E11,35
SID0000035,EXAM000E11,93
SID0000036,EXAM000E11,62
SID0000037,EXAM000E11,85
SID0000038,EXAM000E11,88
SID0000039,EXAM000E11,71
SID0000040,EXAM000E11,63
SID0000041,EXAM000E11,78
SID0000042,EXAM000E11,37
SID0000043,EXAM000E11,73
SID0000044,EXAM000E11,52
SID0000045,EXAM000E11,91
SID0000046,EXAM000E11,77
SID0000047,EXAM000E11,85
SID0000048,EXAM000E11,63
SID0000049,EXAM000E11,25
SID0000050,EXAM000E12,67
SID0000051,EXAM000E12,45
SID0000052,EXAM000E12,69
SID0000053,EXAM000E12,71
SID0000054,EXAM000E12,58
SID0000055,EXAM000E12,30
SID0000056,EXAM000E12,82
SID0000057,EXAM000E12,21
SID0000058,EXAM000E12,73
SID0000059,EXAM000E12,44
SID0000060,EXAM000E12,97
SID0000061,EXAM000E12,33
SID0000062,EXAM000E12,40
SID0000063,EXAM000E12,35
SID0000064,EXAM000E12,95
SID0000065,EXAM000E12,58
SID0000066,EXAM000E12,83
SID0000067,EXAM000E12,30
SID0000068,EXAM000E12,47
SID0000069,EXAM000E12,20
SID0000070,EXAM000E12,21
SID0000071,EXAM000E12,39
SID0000072,EXAM000E12,81
SID0000073,EXAM000E12,74
SID0000074,EXAM000E12,72
SID0000075,EXAM000E12,68
SID0000076,EXAM000E12,80
SID0000077,EXAM000E12,67
SID0000078,EXAM000E12,79
SID0000079,EXAM000E12,98
SID0000080,EXAM000E12,21
SID0000081,EXAM000E12,41
SID0000082,EXAM000E12,86
SID0000083,EXAM000E12,25
SID0000084,EXAM000E12,76
SID0000085,EXAM000E12,87
SID0000086,EXAM000E12,80
SID0000087,EXAM000E12,20
SID0000088,EXAM000E12,63
SID0000089,EXAM000E12,22
SID0000090,EXAM000E12,47
SID0000091,EXAM000E12,90
SID0000092,EXAM000E12,92
SID0000093,EXAM000E12,44
SID0000094,EXAM000E12,71
SID0000095,EXAM000E12,96
SID0000096,EXAM000E12,73
SID0000097,EXAM000E12,46
SID0000098,EXAM000E12,45
SID0000099,EXAM000E12,89
SID0000100,EXAM000E13,74
SID0000101,EXAM000E13,22
SID0000102,EXAM000E13,55
SID0000103,EXAM000E13,46
SID0000104,EXAM000E13,30
SID0000105,EXAM000E13,77
SID0000106,EXAM000E13,91
SID0000107,EXAM000E13,22
SID0000108,EXAM000E13,91
SID0000109,EXAM000E13,28
SID0000110,EXAM000E13,33
SID0000111,EXAM000E13,42
SID0000112,EXAM000E13,84
SID0000113,EXAM000E13,80
SID0000114,EXAM000E13,45
SID0000115,EXAM000E13,31
SID0000116,EXAM000E13,55
SID0000117,EXAM000E13,47
SID0000118,EXAM000E13,50
SID0000119,EXAM000E13,84
SID0000120,EXAM000E13,41
SID0000121,EXAM000E13,77
SID0000122,EXAM000E13,39
SID0000123,EXAM000E13,67
SID0000124,EXAM000E13,21
SID0000125,EXAM000E13,73
SID0000126,EXAM000E13,37
SID0000127,EXAM000E13,40
SID0000128,EXAM000E13,90
SID0000129,EXAM000E13,59
SID0000130,EXAM000E13,26
SID0000131,EXAM000E13,35
SID0000132,EXAM000E13,34
SID0000133,EXAM000E13,34
SID0000134,EXAM000E13,91
SID0000135,EXAM000E13,39
SID0000136,EXAM000E13,90
SID0000137,EXAM000E13,38
SID0000138,EXAM000E13,60
SID0000139,EXAM000E13,34
SID0000140,EXAM000E13,92
SID0000141,EXAM000E13,57
SID0000142,EXAM000E13,50
SID0000143,EXAM000E13,30
SID0000144,EXAM000E13,48
SID0000145,EXAM000E13,71
SID0000146,EXAM000E13,30
SID0000147,EXAM000E13,60
SID0000148,EXAM000E13,32
SID0000149,EXAM000E13,66
SID0000150,EXAM000E14,86
SID0000151,EXAM000E14,93
SID0000152,EXAM000E14,54
SID0000153,EXAM000E14,83
SID0000154,EXAM000E14,59
SID0000155,EXAM000E14,63
SID0000156,EXAM000E14,48
SID0000157,EXAM000E14,89
SID0000158,EXAM000E14,100
SID0000159,EXAM000E14,67
SID0000160,EXAM000E14,63
SID0000161,EXAM000E14,90
SID0000162,EXAM000E14,36
SID0000163,EXAM000E14,54
SID0000164,EXAM000E14,22
SID0000165,EXAM000E14,99
SID0000166,EXAM000E14,59
SID0000167,EXAM000E14,48
SID0000168,EXAM000E14,44
SID0000169,EXAM000E14,33
SID0000170,EXAM000E14,54
SID0000171,EXAM000E14,41
SID0000172,EXAM000E14,21
SID0000173,EXAM000E14,73
SID0000174,EXAM000E14,53
SID0000175,EXAM000E14,29
SID0000176,EXAM000E14,51
SID0000177,EXAM000E14,65
SID0000178,EXAM000E14,81
SID0000179,EXAM000E14,79
SID0000180,EXAM000E14,43
SID0000181,EXAM000E14,39
SID0000182,EXAM000E14,65
SID0000183,EXAM000E14,81
SID0000184,EXAM000E14,44
SID0000185,EXAM000E14,71
SID0000186,EXAM000E14,53
SID0000187,EXAM000E14,74
SID0000188,EXAM000E14,26
SID0000189,EXAM000E14,32
SID0000190,EXAM000E14,43
SID0000191,EXAM000E14,62
SID0000192,EXAM000E14,51
SID0000193,EXAM000E14,72
SID0000194,EXAM000E14,23
SID0000195,EXAM000E14,81
SID0000196,EXAM000E14,97
SID0000197,EXAM000E14,78
SID0000198,EXAM000E14,27
SID0000199,EXAM000E14,52
SID0000200,EXAM000E15,74
SID0000201,EXAM000E15,92
SID0000202,EXAM000E15,92
SID0000203,EXAM000E15,51
SID0000204,EXAM000E15,27
SID0000205,EXAM000E15,23
SID0000206,EXAM000E15,45
SID0000207,EXAM000E15,48
SID0000208,EXAM000E15,45
SID0000209,EXAM000E15,97
SID0000210,EXAM000E15,71
SID0000211,EXAM000E15,98
SID0000212,EXAM000E15,66
SID0000213,EXAM000E15,74
SID0000214,EXAM000E15,49
SID0000215,EXAM000E15,59
SID0000216,EXAM000E15,77
SID0000217,EXAM000E15,66
SID0000218,EXAM000E15,94
SID0000219,EXAM000E15,42
SID0000220,EXAM000E15,84
SID0000221,EXAM000E15,40
SID0000222,EXAM000E15,99
SID0000223,EXAM000E15,23
SID0000224,EXAM000E15,24
SID0000225,EXAM000E15,98
SID0000226,EXAM000E15,85
SID0000227,EXAM000E15,71
SID0000228,EXAM000E15,50
SID0000229,EXAM000E15,54
SID0000230,EXAM000E15,94
SID0000231,EXAM000E15,95
SID0000232,EXAM000E15,50
SID0000233,EXAM000E15,90
SID0000234,EXAM000E15,63
SID0000235,EXAM000E15,99
SID0000236,EXAM000E15,95
SID0000237,EXAM000E15,73
SID0000238,EXAM000E15,34
SID0000239,EXAM000E15,99
SID0000240,EXAM000E15,76
SID0000241,EXAM000E15,47
SID0000242,EXAM000E15,71
SID0000243,EXAM000E15,63
SID0000244,EXAM000E15,74
SID0000245,EXAM000E15,46
SID0000246,EXAM000E15,71
SID0000247,EXAM000E15,58
SID0000248,EXAM000E15,72
SID0000249,EXAM000E15,91
SID0000250,EXAM000E16,22
SID0000251,EXAM000E16,33
SID0000252,EXAM000E16,94
SID0000253,EXAM000E16,44
SID0000254,EXAM000E16,98
SID0000255,EXAM000E16,40
SID0000256,EXAM000E16,37
SID0000257,EXAM000E16,51
SID0000258,EXAM000E16,53
SID0000259,EXAM000E16,57
SID0000260,EXAM000E16,89
SID0000261,EXAM000E16,32
SID0000262,EXAM000E16,80
SID0000263,EXAM000E16,45
SID0000264,EXAM000E16,33
SID0000265,EXAM000E16,46
SID0000266,EXAM000E16,100
SID0000267,EXAM000E16,33
SID0000268,EXAM000E16,51
SID0000269,EXAM000E16,78
SID0000270,EXAM000E16,28
SID0000271,EXAM000E16,71
SID0000272,EXAM000E16,96
SID0000273,EXAM000E16,69
SID0000274,EXAM000E16,65
SID0000275,EXAM000E16,62
SID0000276,EXAM000E16,99
SID0000277,EXAM000E16,58
SID0000278,EXAM000E16,74
SID0000279,EXAM000E16,74
SID0000280,EXAM000E16,30
SID0000281,EXAM000E16,93
SID0000282,EXAM000E16,94
SID0000283,EXAM000E16,82
SID0000284,EXAM000E16,86
SID0000285,EXAM000E16,59
SID0000286,EXAM000E16,50
SID0000287,EXAM000E16,50
SID0000288,EXAM000E16,67
SID0000289,EXAM000E16,55
SID0000290,EXAM000E16,39
SID0000291,EXAM000E16,62
SID0000292,EXAM000E16,27
SID0000293,EXAM000E16,69
SID0000294,EXAM000E16,38
SID0000295,EXAM000E16,86
SID0000296,EXAM000E16,91
SID0000297,EXAM000E16,58
SID0000298,EXAM000E16,50
SID0000299,EXAM000E16,44
SID0000300,EXAM000E17,56
SID0000301,EXAM000E17,77
SID0000302,EXAM000E17,52
SID0000303,EXAM000E17,49
SID0000304,EXAM000E17,38
SID0000305,EXAM000E17,51
SID0000306,EXAM000E17,96
SID0000307,EXAM000E17,75
SID0000308,EXAM000E17,57
SID0000309,EXAM000E17,51
SID0000310,EXAM000E17,80
SID0000311,EXAM000E17,64
SID0000312,EXAM000E17,93
SID0000313,EXAM000E17,90
SID0000314,EXAM000E17,65
SID0000315,EXAM000E17,97
SID0000316,EXAM000E17,48
SID0000317,EXAM000E17,45
SID0000318,EXAM000E17,59
SID0000319,EXAM000E17,34
SID0000320,EXAM000E17,41
SID0000321,EXAM000E17,66
SID0000322,EXAM000E17,37
SID0000323,EXAM000E17,45
SID0000324,EXAM000E17,48
SID0000325,EXAM000E17,31
SID0000326,EXAM000E17,88
SID0000327,EXAM000E17,95
SID0000328,EXAM000E17,21
SID0000329,EXAM000E17,78
SID0000330,EXAM000E17,47
SID0000331,EXAM000E17,42
SID0000332,EXAM000E17,86
SID0000333,EXAM000E17,73
SID0000334,EXAM000E17,32
SID0000335,EXAM000E17,35
SID0000336,EXAM000E17,70
SID0000337,EXAM000E17,25
SID0000338,EXAM000E17,62
SID0000339,EXAM000E17,92
SID0000340,EXAM000E17,53
SID0000341,EXAM000E17,33
SID0000342,EXAM000E17,64
SID0000343,EXAM000E17,75
SID0000344,EXAM000E17,37
SID0000345,EXAM000E17,95
SID0000346,EXAM000E17,46
SID0000347,EXAM000E17,100
SID0000348,EXAM000E17,35
SID0000349,EXAM000E17,70
SID0000350,EXAM000E18,45
SID0000351,EXAM000E18,22
SID0000352,EXAM000E18,26
SID0000353,EXAM000E18,49
SID0000354,EXAM000E18,74
SID0000355,EXAM000E18,79
SID0000356,EXAM000E18,27
SID0000357,EXAM000E18,35
SID0000358,EXAM000E18,25
SID0000359,EXAM000E18,68
SID0000360,EXAM000E18,25
SID0000361,EXAM000E18,30
SID0000362,EXAM000E18,96
SID0000363,EXAM000E18,62
SID0000364,EXAM000E18,45
SID0000365,EXAM000E18,63
SID0000366,EXAM000E18,55
SID0000367,EXAM000E18,94
SID0000368,EXAM000E18,96
SID0000369,EXAM000E18,82
SID0000370,EXAM000E18,27
SID0000371,EXAM000E18,47
SID0000372,EXAM000E18,71
SID0000373,EXAM000E18,79
SID0000374,EXAM000E18,91
SID0000375,EXAM000E18,27
SID0000376,EXAM000E18,27
SID0000377,EXAM000E18,28
SID0000378,EXAM000E18,54
SID0000379,EXAM000E18,55
SID0000380,EXAM000E18,62
SID0000381,EXAM000E18,80
SID0000382,EXAM000E18,31
SID0000383,EXAM000E18,58
SID0000384,EXAM000E18,83
SID0000385,EXAM000E18,67
SID0000386,EXAM000E18,36
SID0000387,EXAM000E18,71
SID0000388,EXAM000E18,44
SID0000389,EXAM000E18,31
SID0000390,EXAM000E18,72
SID0000391,EXAM000E18,64
SID0000392,EXAM000E18,54
SID0000393,EXAM000E18,47
SID0000394,EXAM000E18,70
SID0000395,EXAM000E18,98
SID0000396,EXAM000E18,25
SID0000397,EXAM000E18,68
SID0000398,EXAM000E18,34
SID0000399,EXAM000E18,49
SID0000400,EXAM000E19,79
SID0000401,EXAM000E19,80
SID0000402,EXAM000E19,87
SID0000403,EXAM000E19,58
SID0000404,EXAM000E19,59
SID0000405,EXAM000E19,89
SID0000406,EXAM000E19,93
SID0000407,EXAM000E19,84
SID0000408,EXAM000E19,62
SID0000409,EXAM000E19,37
SID0000410,EXAM000E19,74
SID0000411,EXAM000E19,57
SID0000412,EXAM000E19,32
SID0000413,EXAM000E19,61
SID0000414,EXAM000E19,37
SID0000415,EXAM000E19,35
SID0000416,EXAM000E19,63
SID0000417,EXAM000E19,47
SID0000418,EXAM000E19,53
SID0000419,EXAM000E19,70
SID0000420,EXAM000E19,58
SID0000421,EXAM000E19,67
SID0000422,EXAM000E19,83
SID0000423,EXAM000E19,82
SID0000424,EXAM000E19,62
SID0000425,EXAM000E19,31
SID0000426,EXAM000E19,65
SID0000427,EXAM000E19,51
SID0000428,EXAM000E19,42
SID0000429,EXAM000E19,28
SID0000430,EXAM000E19,60
SID0000431,EXAM000E19,83
SID0000432,EXAM000E19,61
SID0000433,EXAM000E19,30
SID0000434,EXAM000E19,22
SID0000435,EXAM000E19,32
SID0000436,EXAM000E19,27
SID0000437,EXAM000E19,26
SID0000438,EXAM000E19,44
SID0000439,EXAM000E19,80
SID0000440,EXAM000E19,98
SID0000441,EXAM000E19,34
SID0000442,EXAM000E19,91
SID0000443,EXAM000E19,68
SID0000444,EXAM000E19,52
SID0000445,EXAM000E19,56
SID0000446,EXAM000E19,74
SID0000447,EXAM000E19,59
SID0000448,EXAM000E19,77
SID0000449,EXAM000E19,41
SID0000450,EXAM000E20,86
SID0000451,EXAM000E20,94
SID0000452,EXAM000E20,32
SID0000453,EXAM000E20,65
SID0000454,EXAM000E20,92
SID0000455,EXAM000E20,41
SID0000456,EXAM000E20,64
SID0000457,EXAM000E20,61
SID0000458,EXAM000E20,100
SID0000459,EXAM000E20,35
SID0000460,EXAM000E20,40
SID0000461,EXAM000E20,57
SID0000462,EXAM000E20,73
SID0000463,EXAM000E20,65
SID0000464,EXAM000E20,74
SID0000465,EXAM000E20,62
SID0000466,EXAM000E20,47
SID0000467,EXAM000E20,75
SID0000468,EXAM000E20,59
SID0000469,EXAM000E20,100
SID0000470,EXAM000E20,97
SID0000471,EXAM000E20,26
SID0000472,EXAM000E20,89
SID0000473,EXAM000E20,59
SID0000474,EXAM000E20,96
SID0000475,EXAM000E20,34
SID0000476,EXAM000E20,83
SID0000477,EXAM000E20,44
SID0000478,EXAM000E20,20
SID0000479,EXAM000E20,74
SID0000480,EXAM000E20,22
SID0000481,EXAM000E20,81
SID0000482,EXAM000E20,32
SID0000483,EXAM000E20,60
SID0000484,EXAM000E20,78
SID0000485,EXAM000E20,100
SID0000486,EXAM000E20,87
SID0000487,EXAM000E20,56
SID0000488,EXAM000E20,68
SID0000489,EXAM000E20,81
SID0000490,EXAM000E20,64
SID0000491,EXAM000E20,95
SID0000492,EXAM000E20,99
SID0000493,EXAM000E20,54
SID0000494,EXAM000E20,68
SID0000495,EXAM000E20,36
SID0000496,EXAM000E20,38
SID0000497,EXAM000E20,59
SID0000498,EXAM000E20,21
SID0000499,EXAM000E20,43
SID0000500,EXAM000E21,35
SID0000501,EXAM000E21,21
SID0000502,EXAM000E21,58
SID0000503,EXAM000E21,64
SID0000504,EXAM000E21,43
SID0000505,EXAM000E21,97
SID0000506,EXAM000E21,92
SID0000507,EXAM000E21,70
SID0000508,EXAM000E21,40
SID0000509,EXAM000E21,77
SID0000510,EXAM000E21,29
SID0000511,EXAM000E21,88
SID0000512,EXAM000E21,95
SID0000513,EXAM000E21,59
SID0000514,EXAM000E21,95
SID0000515,EXAM000E21,68
SID0000516,EXAM000E21,57
SID0000517,EXAM000E21,22
SID0000518,EXAM000E21,24
SID0000519,EXAM000E21,22
SID0000520,EXAM000E21,62
SID0000521,EXAM000E21,43
SID0000522,EXAM000E21,86
SID0000523,EXAM000E21,35
SID0000524,EXAM000E21,41
SID0000525,EXAM000E21,58
SID0000526,EXAM000E21,100
SID0000527,EXAM000E21,27
SID0000528,EXAM000E21,64
SID0000529,EXAM000E21,78
SID0000530,EXAM000E21,51
SID0000531,EXAM000E21,97
SID0000532,EXAM000E21,45
SID0000533,EXAM000E21,46
SID0000534,EXAM000E21,92
SID0000535,EXAM000E21,90
SID0000536,EXAM000E21,39
SID0000537,EXAM000E21,36
SID0000538,EXAM000E21,68
SID0000539,EXAM000E21,30
SID0000540,EXAM000E21,77
SID0000541,EXAM000E21,82
SID0000542,EXAM000E21,63
SID0000543,EXAM000E21,34
SID0000544,EXAM000E21,95
SID0000545,EXAM000E21,66
SID0000546,EXAM000E21,74
SID0000547,EXAM000E21,99
SID0000548,EXAM000E21,100
SID0000549,EXAM000E21,21
SID0000550,EXAM000E22,75
SID0000551,EXAM000E22,97
SID0000552,EXAM000E22,95
SID0000553,EXAM000E22,69
SID0000554,EXAM000E22,74
SID0000555,EXAM000E22,39
SID0000556,EXAM000E22,54
SID0000557,EXAM000E22,65
SID0000558,EXAM000E22,85
SID0000559,EXAM000E22,78
SID0000560,EXAM000E22,29
SID0000561,EXAM000E22,58
SID0000562,EXAM000E22,45
SID0000563,EXAM000E22,30
SID0000564,EXAM000E22,86
SID0000565,EXAM000E22,43
SID0000566,EXAM000E22,53
SID0000567,EXAM000E22,96
SID0000568,EXAM000E22,71
SID0000569,EXAM000E22,72
SID0000570,EXAM000E22,94
SID0000571,EXAM000E22,23
SID0000572,EXAM000E22,94
SID0000573,EXAM000E22,77
SID0000574,EXAM000E22,51
SID0000575,EXAM000E22,69
SID0000576,EXAM000E22,91
SID0000577,EXAM000E22,21
SID0000578,EXAM000E22,97
SID0000579,EXAM000E22,31
SID0000580,EXAM000E22,23
SID0000581,EXAM000E22,44
SID0000582,EXAM000E22,82
SID0000583,EXAM000E22,100
SID0000584,EXAM000E22,25
SID0000585,EXAM000E22,91
SID0000586,EXAM000E22,24
SID0000587,EXAM000E22,50
SID0000588,EXAM000E22,28
SID0000589,EXAM000E22,79
SID0000590,EXAM000E22,42
SID0000591,EXAM000E22,64
SID0000592,EXAM000E22,39
SID0000593,EXAM000E22,71
SID0000594,EXAM000E22,40
SID0000595,EXAM000E22,27
SID0000596,EXAM000E22,71
SID0000597,EXAM000E22,61
SID0000598,EXAM000E22,94
SID0000599,EXAM000E22,58
SID0000600,EXAM000E22,24
SID0000001,EXAM000M11,71
SID0000002,EXAM000M11,70
SID0000003,EXAM000M11,65
SID0000004,EXAM000M11,34
SID0000005,EXAM000M11,49
SID0000006,EXAM000M11,30
SID0000007,EXAM000M11,77
SID0000008,EXAM000M11,30
SID0000009,EXAM000M11,94
SID0000010,EXAM000M11,75
SID0000011,EXAM000M11,99
SID0000012,EXAM000M11,64
SID0000013,EXAM000M11,24
SID0000014,EXAM000M11,96
SID0000015,EXAM000M11,49
SID0000016,EXAM000M11,85
SID0000017,EXAM000M11,68
SID0000018,EXAM000M11,74
SID0000019,EXAM000M11,98
SID0000020,EXAM000M11,39
SID0000021,EXAM000M11,41
SID0000022,EXAM000M11,48
SID0000023,EXAM000M11,87
SID0000024,EXAM000M11,24
SID0000025,EXAM000M11,44
SID0000026,EXAM000M11,88
SID0000027,EXAM000M11,85
SID0000028,EXAM000M11,59
SID0000029,EXAM000M11,23
SID0000030,EXAM000M11,26
SID0000031,EXAM000M11,47
SID0000032,EXAM000M11,87
SID0000033,EXAM000M11,96
SID0000034,EXAM000M11,37
SID0000035,EXAM000M11,53
SID0000036,EXAM000M11,71
SID0000037,EXAM000M11,71
SID0000038,EXAM000M11,76
SID0000039,EXAM000M11,58
SID0000040,EXAM000M11,37
SID0000041,EXAM000M11,89
SID0000042,EXAM000M11,98
SID0000043,EXAM000M11,83
SID0000044,EXAM000M11,76
SID0000045,EXAM000M11,91
SID0000046,EXAM000M11,51
SID0000047,EXAM000M11,65
SID0000048,EXAM000M11,59
SID0000049,EXAM000M11,37
SID0000050,EXAM000M12,82
SID0000051,EXAM000M12,77
SID0000052,EXAM000M12,64
SID0000053,EXAM000M12,90
SID0000054,EXAM000M12,63
SID0000055,EXAM000M12,73
SID0000056,EXAM000M12,55
SID0000057,EXAM000M12,89
SID0000058,EXAM000M12,94
SID0000059,EXAM000M12,74
SID0000060,EXAM000M12,28
SID0000061,EXAM000M12,24
SID0000062,EXAM000M12,64
SID0000063,EXAM000M12,31
SID0000064,EXAM000M12,76
SID0000065,EXAM000M12,41
SID0000066,EXAM000M12,97
SID0000067,EXAM000M12,25
SID0000068,EXAM000M12,73
SID0000069,EXAM000M12,55
SID0000070,EXAM000M12,55
SID0000071,EXAM000M12,88
SID0000072,EXAM000M12,73
SID0000073,EXAM000M12,91
SID0000074,EXAM000M12,74
SID0000075,EXAM000M12,30
SID0000076,EXAM000M12,71
SID0000077,EXAM000M12,99
SID0000078,EXAM000M12,34
SID0000079,EXAM000M12,43
SID0000080,EXAM000M12,41
SID0000081,EXAM000M12,65
SID0000082,EXAM000M12,24
SID0000083,EXAM000M12,86
SID0000084,EXAM000M12,86
SID0000085,EXAM000M12,24
SID0000086,EXAM000M12,96
SID0000087,EXAM000M12,88
SID0000088,EXAM000M12,60
SID0000089,EXAM000M12,53
SID0000090,EXAM000M12,78
SID0000091,EXAM000M12,28
SID0000092,EXAM000M12,84
SID0000093,EXAM000M12,77
SID0000094,EXAM000M12,51
SID0000095,EXAM000M12,53
SID0000096,EXAM000M12,22
SID0000097,EXAM000M12,31
SID0000098,EXAM000M12,36
SID0000099,EXAM000M12,69
SID0000100,EXAM000M13,94
SID0000101,EXAM000M13,76
SID0000102,EXAM000M13,64
SID0000103,EXAM000M13,97
SID0000104,EXAM000M13,69
SID0000105,EXAM000M13,56
SID0000106,EXAM000M13,31
SID0000107,EXAM000M13,99
SID0000108,EXAM000M13,78
SID0000109,EXAM000M13,83
SID0000110,EXAM000M13,89
SID0000111,EXAM000M13,95
SID0000112,EXAM000M13,66
SID0000113,EXAM000M13,63
SID0000114,EXAM000M13,89
SID0000115,EXAM000M13,65
SID0000116,EXAM000M13,64
SID0000117,EXAM000M13,40
SID0000118,EXAM000M13,71
SID0000119,EXAM000M13,99
SID0000120,EXAM000M13,57
SID0000121,EXAM000M13,83
SID0000122,EXAM000M13,24
SID0000123,EXAM000M13,41
SID0000124,EXAM000M13,75
SID0000125,EXAM000M13,33
SID0000126,EXAM000M13,32
SID0000127,EXAM000M13,40
SID0000128,EXAM000M13,72
SID0000129,EXAM000M13,52
SID0000130,EXAM000M13,74
SID0000131,EXAM000M13,63
SID0000132,EXAM000M13,72
SID0000133,EXAM000M13,88
SID0000134,EXAM000M13,63
SID0000135,EXAM000M13,33
SID0000136,EXAM000M13,91
SID0000137,EXAM000M13,85
SID0000138,EXAM000M13,94
SID0000139,EXAM000M13,86
SID0000140,EXAM000M13,49
SID0000141,EXAM000M13,67
SID0000142,EXAM000M13,60
SID0000143,EXAM000M13,30
SID0000144,EXAM000M13,77
SID0000145,EXAM000M13,87
SID0000146,EXAM000M13,26
SID0000147,EXAM000M13,97
SID0000148,EXAM000M13,47
SID0000149,EXAM000M13,76
SID0000150,EXAM000M14,25
SID0000151,EXAM000M14,74
SID0000152,EXAM000M14,87
SID0000153,EXAM000M14,79
SID0000154,EXAM000M14,39
SID0000155,EXAM000M14,95
SID0000156,EXAM000M14,84
SID0000157,EXAM000M14,86
SID0000158,EXAM000M14,85
SID0000159,EXAM000M14,60
SID0000160,EXAM000M14,93
SID0000161,EXAM000M14,64
SID0000162,EXAM000M14,31
SID0000163,EXAM000M14,69
SID0000164,EXAM000M14,95
SID0000165,EXAM000M14,76
SID0000166,EXAM000M14,52
SID0000167,EXAM000M14,98
SID0000168,EXAM000M14,25
SID0000169,EXAM000M14,70
SID0000170,EXAM000M14,97
SID0000171,EXAM000M14,32
SID0000172,EXAM000M14,63
SID0000173,EXAM000M14,51
SID0000174,EXAM000M14,22
SID0000175,EXAM000M14,70
SID0000176,EXAM000M14,81
SID0000177,EXAM000M14,54
SID0000178,EXAM000M14,81
SID0000179,EXAM000M14,25
SID0000180,EXAM000M14,49
SID0000181,EXAM000M14,30
SID0000182,EXAM000M14,96
SID0000183,EXAM000M14,82
SID0000184,EXAM000M14,73
SID0000185,EXAM000M14,93
SID0000186,EXAM000M14,83
SID0000187,EXAM000M14,37
SID0000188,EXAM000M14,42
SID0000189,EXAM000M14,81
SID0000190,EXAM000M14,69
SID0000191,EXAM000M14,38
SID0000192,EXAM000M14,54
SID0000193,EXAM000M14,90
SID0000194,EXAM000M14,57
SID0000195,EXAM000M14,45
SID0000196,EXAM000M14,95
SID0000197,EXAM000M14,54
SID0000198,EXAM000M14,39
SID0000199,EXAM000M14,30
SID0000200,EXAM000M15,61
SID0000201,EXAM000M15,22
SID0000202,EXAM000M15,98
SID0000203,EXAM000M15,22
SID0000204,EXAM000M15,93
SID0000205,EXAM000M15,82
SID0000206,EXAM000M15,48
SID0000207,EXAM000M15,50
SID0000208,EXAM000M15,34
SID0000209,EXAM000M15,68
SID0000210,EXAM000M15,48
SID0000211,EXAM000M15,84
SID0000212,EXAM000M15,71
SID0000213,EXAM000M15,70
SID0000214,EXAM000M15,61
SID0000215,EXAM000M15,89
SID0000216,EXAM000M15,71
SID0000217,EXAM000M15,46
SID0000218,EXAM000M15,73
SID0000219,EXAM000M15,72
SID0000220,EXAM000M15,32
SID0000221,EXAM000M15,89
SID0000222,EXAM000M15,25
SID0000223,EXAM000M15,83
SID0000224,EXAM000M15,28
SID0000225,EXAM000M15,66
SID0000226,EXAM000M15,84
SID0000227,EXAM000M15,66
SID0000228,EXAM000M15,67
SID0000229,EXAM000M15,89
SID0000230,EXAM000M15,83
SID0000231,EXAM000M15,71
SID0000232,EXAM000M15,78
SID0000233,EXAM000M15,32
SID0000234,EXAM000M15,83
SID0000235,EXAM000M15,92
SID0000236,EXAM000M15,42
SID0000237,EXAM000M15,68
SID0000238,EXAM000M15,98
SID0000239,EXAM000M15,56
SID0000240,EXAM000M15,80
SID0000241,EXAM000M15,43
SID0000242,EXAM000M15,95
SID0000243,EXAM000M15,37
SID0000244,EXAM000M15,57
SID0000245,EXAM000M15,59
SID0000246,EXAM000M15,78
SID0000247,EXAM000M15,77
SID0000248,EXAM000M15,97
SID0000249,EXAM000M15,81
SID0000250,EXAM000M16,94
SID0000251,EXAM000M16,58
SID0000252,EXAM000M16,23
SID0000253,EXAM000M16,22
SID0000254,EXAM000M16,61
SID0000255,EXAM000M16,58
SID0000256,EXAM000M16,24
SID0000257,EXAM000M16,31
SID0000258,EXAM000M16,31
SID0000259,EXAM000M16,29
SID0000260,EXAM000M16,80
SID0000261,EXAM000M16,81
SID0000262,EXAM000M16,58
SID0000263,EXAM000M16,48
SID0000264,EXAM000M16,50
SID0000265,EXAM000M16,51
SID0000266,EXAM000M16,95
SID0000267,EXAM000M16,26
SID0000268,EXAM000M16,62
SID0000269,EXAM000M16,58
SID0000270,EXAM000M16,57
SID0000271,EXAM000M16,60
SID0000272,EXAM000M16,42
SID0000273,EXAM000M16,60
SID0000274,EXAM000M16,53
SID0000275,EXAM000M16,65
SID0000276,EXAM000M16,22
SID0000277,EXAM000M16,75
SID0000278,EXAM000M16,73
SID0000279,EXAM000M16,61
SID0000280,EXAM000M16,81
SID0000281,EXAM000M16,69
SID0000282,EXAM000M16,88
SID0000283,EXAM000M16,72
SID0000284,EXAM000M16,40
SID0000285,EXAM000M16,76
SID0000286,EXAM000M16,76
SID0000287,EXAM000M16,59
SID0000288,EXAM000M16,70
SID0000289,EXAM000M16,63
SID0000290,EXAM000M16,66
SID0000291,EXAM000M16,66
SID0000292,EXAM000M16,81
SID0000293,EXAM000M16,44
SID0000294,EXAM000M16,34
SID0000295,EXAM000M16,23
SID0000296,EXAM000M16,87
SID0000297,EXAM000M16,92
SID0000298,EXAM000M16,45
SID0000299,EXAM000M16,36
SID0000300,EXAM000M17,90
SID0000301,EXAM000M17,39
SID0000302,EXAM000M17,88
SID0000303,EXAM000M17,29
SID0000304,EXAM000M17,55
SID0000305,EXAM000M17,71
SID0000306,EXAM000M17,47
SID0000307,EXAM000M17,44
SID0000308,EXAM000M17,51
SID0000309,EXAM000M17,32
SID0000310,EXAM000M17,39
SID0000311,EXAM000M17,71
SID0000312,EXAM000M17,68
SID0000313,EXAM000M17,41
SID0000314,EXAM000M17,23
SID0000315,EXAM000M17,60
SID0000316,EXAM000M17,63
SID0000317,EXAM000M17,55
SID0000318,EXAM000M17,60
SID0000319,EXAM000M17,84
SID0000320,EXAM000M17,88
SID0000321,EXAM000M17,62
SID0000322,EXAM000M17,56
SID0000323,EXAM000M17,36
SID0000324,EXAM000M17,86
SID0000325,EXAM000M17,47
SID0000326,EXAM000M17,63
SID0000327,EXAM000M17,78
SID0000328,EXAM000M17,55
SID0000329,EXAM000M17,75
SID0000330,EXAM000M17,56
SID0000331,EXAM000M17,67
SID0000332,EXAM000M17,48
SID0000333,EXAM000M17,32
SID0000334,EXAM000M17,95
SID0000335,EXAM000M17,75
SID0000336,EXAM000M17,81
SID0000337,EXAM000M17,49
SID0000338,EXAM000M17,95
SID0000339,EXAM000M17,88
SID0000340,EXAM000M17,60
SID0000341,EXAM000M17,80
SID0000342,EXAM000M17,92
SID0000343,EXAM000M17,46
SID0000344,EXAM000M17,63
SID0000345,EXAM000M17,66
SID0000346,EXAM000M17,32
SID0000347,EXAM000M17,84
SID0000348,EXAM000M17,81
SID0000349,EXAM000M17,74
SID0000350,EXAM000M18,86
SID0000351,EXAM000M18,64
SID0000352,EXAM000M18,92
SID0000353,EXAM000M18,75
SID0000354,EXAM000M18,30
SID0000355,EXAM000M18,25
SID0000356,EXAM000M18,37
SID0000357,EXAM000M18,98
SID0000358,EXAM000M18,38
SID0000359,EXAM000M18,32
SID0000360,EXAM000M18,76
SID0000361,EXAM000M18,80
SID0000362,EXAM000M18,27
SID0000363,EXAM000M18,57
SID0000364,EXAM000M18,91
SID0000365,EXAM000M18,89
SID0000366,EXAM000M18,32
SID0000367,EXAM000M18,78
SID0000368,EXAM000M18,87
SID0000369,EXAM000M18,60
SID0000370,EXAM000M18,93
SID0000371,EXAM000M18,53
SID0000372,EXAM000M18,75
SID0000373,EXAM000M18,53
SID0000374,EXAM000M18,66
SID0000375,EXAM000M18,83
SID0000376,EXAM000M18,58
SID0000377,EXAM000M18,43
SID0000378,EXAM000M18,21
SID0000379,EXAM000M18,47
SID0000380,EXAM000M18,71
SID0000381,EXAM000M18,91
SID0000382,EXAM000M18,23
SID0000383,EXAM000M18,38
SID0000384,EXAM000M18,36
SID0000385,EXAM000M18,31
SID0000386,EXAM000M18,55
SID0000387,EXAM000M18,22
SID0000388,EXAM000M18,82
SID0000389,EXAM000M18,92
SID0000390,EXAM000M18,21
SID0000391,EXAM000M18,23
SID0000392,EXAM000M18,86
SID0000393,EXAM000M18,88
SID0000394,EXAM000M18,77
SID0000395,EXAM000M18,37
SID0000396,EXAM000M18,52
SID0000397,EXAM000M18,74
SID0000398,EXAM000M18,35
SID0000399,EXAM000M18,69
SID0000400,EXAM000M19,80
SID0000401,EXAM000M19,96
SID0000402,EXAM000M19,37
SID0000403,EXAM000M19,46
SID0000404,EXAM000M19,51
SID0000405,EXAM000M19,70
SID0000406,EXAM000M19,31
SID0000407,EXAM000M19,45
SID0000408,EXAM000M19,36
SID0000409,EXAM000M19,90
SID0000410,EXAM000M19,86
SID0000411,EXAM000M19,24
SID0000412,EXAM000M19,44
SID0000413,EXAM000M19,42
SID0000414,EXAM000M19,72
SID0000415,EXAM000M19,36
SID0000416,EXAM000M19,37
SID0000417,EXAM000M19,64
SID0000418,EXAM000M19,38
SID0000419,EXAM000M19,28
SID0000420,EXAM000M19,58
SID0000421,EXAM000M19,97
SID0000422,EXAM000M19,39
SID0000423,EXAM000M19,79
SID0000424,EXAM000M19,68
SID0000425,EXAM000M19,64
SID0000426,EXAM000M19,70
SID0000427,EXAM000M19,39
SID0000428,EXAM000M19,76
SID0000429,EXAM000M19,96
SID0000430,EXAM000M19,23
SID0000431,EXAM000M19,67
SID0000432,EXAM000M19,83
SID0000433,EXAM000M19,59
SID0000434,EXAM000M19,78
SID0000435,EXAM000M19,21
SID0000436,EXAM000M19,100
SID0000437,EXAM000M19,84
SID0000438,EXAM000M19,66
SID0000439,EXAM000M19,70
SID0000440,EXAM000M19,57
SID0000441,EXAM000M19,25
SID0000442,EXAM000M19,90
SID0000443,EXAM000M19,74
SID0000444,EXAM000M19,50
SID0000445,EXAM000M19,49
SID0000446,EXAM000M19,76
SID0000447,EXAM000M19,85
SID0000448,EXAM000M19,57
SID0000449,EXAM000M19,97
SID0000450,EXAM000M20,53
SID0000451,EXAM000M20,21
SID0000452,EXAM000M20,54
SID0000453,EXAM000M20,100
SID0000454,EXAM000M20,69
SID0000455,EXAM000M20,87
SID0000456,EXAM000M20,54
SID0000457,EXAM000M20,69
SID0000458,EXAM000M20,71
SID0000459,EXAM000M20,65
SID0000460,EXAM000M20,60
SID0000461,EXAM000M20,84
SID0000462,EXAM000M20,87
SID0000463,EXAM000M20,44
SID0000464,EXAM000M20,41
SID0000465,EXAM000M20,32
SID0000466,EXAM000M20,25
SID0000467,EXAM000M20,29
SID0000468,EXAM000M20,80
SID0000469,EXAM000M20,51
SID0000470,EXAM000M20,98
SID0000471,EXAM000M20,66
SID0000472,EXAM000M20,97
SID0000473,EXAM000M20,82
SID0000474,EXAM000M20,40
SID0000475,EXAM000M20,59
SID0000476,EXAM000M20,45
SID0000477,EXAM000M20,27
SID0000478,EXAM000M20,65
SID0000479,EXAM000M20,48
SID0000480,EXAM000M20,58
SID0000481,EXAM000M20,63
SID0000482,EXAM000M20,30
SID0000483,EXAM000M20,57
SID0000484,EXAM000M20,46
SID0000485,EXAM000M20,94
SID0000486,EXAM000M20,43
SID0000487,EXAM000M20,89
SID0000488,EXAM000M20,22
SID0000489,EXAM000M20,72
SID0000490,EXAM000M20,36
SID0000491,EXAM000M20,80
SID0000492,EXAM000M20,57
SID0000493,EXAM000M20,73
SID0000494,EXAM000M20,66
SID0000495,EXAM000M20,72
SID0000496,EXAM000M20,46
SID0000497,EXAM000M20,91
SID0000498,EXAM000M20,86
SID0000499,EXAM000M20,93
SID0000500,EXAM000M21,68
SID0000501,EXAM000M21,65
SID0000502,EXAM000M21,46
SID0000503,EXAM000M21,70
SID0000504,EXAM000M21,54
SID0000505,EXAM000M21,40
SID0000506,EXAM000M21,27
SID0000507,EXAM000M21,44
SID0000508,EXAM000M21,68
SID0000509,EXAM000M21,70
SID0000510,EXAM000M21,53
SID0000511,EXAM000M21,46
SID0000512,EXAM000M21,47
SID0000513,EXAM000M21,73
SID0000514,EXAM000M21,52
SID0000515,EXAM000M21,21
SID0000516,EXAM000M21,88
SID0000517,EXAM000M21,92
SID0000518,EXAM000M21,21
SID0000519,EXAM000M21,90
SID0000520,EXAM000M21,99
SID0000521,EXAM000M21,50
SID0000522,EXAM000M21,21
SID0000523,EXAM000M21,66
SID0000524,EXAM000M21,54
SID0000525,EXAM000M21,99
SID0000526,EXAM000M21,51
SID0000527,EXAM000M21,30
SID0000528,EXAM000M21,64
SID0000529,EXAM000M21,68
SID0000530,EXAM000M21,86
SID0000531,EXAM000M21,50
SID0000532,EXAM000M21,44
SID0000533,EXAM000M21,38
SID0000534,EXAM000M21,43
SID0000535,EXAM000M21,89
SID0000536,EXAM000M21,75
SID0000537,EXAM000M21,67
SID0000538,EXAM000M21,69
SID0000539,EXAM000M21,29
SID0000540,EXAM000M21,86
SID0000541,EXAM000M21,60
SID0000542,EXAM000M21,36
SID0000543,EXAM000M21,47
SID0000544,EXAM000M21,72
SID0000545,EXAM000M21,37
SID0000546,EXAM000M21,59
SID0000547,EXAM000M21,100
SID0000548,EXAM000M21,73
SID0000549,EXAM000M21,84
SID0000550,EXAM000M22,56
SID0000551,EXAM000M22,73
SID0000552,EXAM000M22,97
SID0000553,EXAM000M22,66
SID0000554,EXAM000M22,51
SID0000555,EXAM000M22,52
SID0000556,EXAM000M22,28
SID0000557,EXAM000M22,83
SID0000558,EXAM000M22,53
SID0000559,EXAM000M22,70
SID0000560,EXAM000M22,98
SID0000561,EXAM000M22,87
SID0000562,EXAM000M22,55
SID0000563,EXAM000M22,56
SID0000564,EXAM000M22,87
SID0000565,EXAM000M22,21
SID0000566,EXAM000M22,44
SID0000567,EXAM000M22,97
SID0000568,EXAM000M22,66
SID0000569,EXAM000M22,79
SID0000570,EXAM000M22,24
SID0000571,EXAM000M22,28
SID0000572,EXAM000M22,94
SID0000573,EXAM000M22,81
SID0000574,EXAM000M22,55
SID0000575,EXAM000M22,29
SID0000576,EXAM000M22,99
SID0000577,EXAM000M22,26
SID0000578,EXAM000M22,97
SID0000579,EXAM000M22,96
SID0000580,EXAM000M22,23
SID0000581,EXAM000M22,100
SID0000582,EXAM000M22,38
SID0000583,EXAM000M22,94
SID0000584,EXAM000M22,45
SID0000585,EXAM000M22,47
SID0000586,EXAM000M22,55
SID0000587,EXAM000M22,69
SID0000588,EXAM000M22,96
SID0000589,EXAM000M22,32
SID0000590,EXAM000M22,87
SID0000591,EXAM000M22,77
SID0000592,EXAM000M22,86
SID0000593,EXAM000M22,69
SID0000594,EXAM000M22,35
SID0000595,EXAM000M22,36
SID0000596,EXAM000M22,65
SID0000597,EXAM000M22,65
SID0000598,EXAM000M22,96
SID0000599,EXAM000M22,29
SID0000600,EXAM000M22,48
SID0000001,EXAM000S11,72
SID0000002,EXAM000S11,49
SID0000003,EXAM000S11,79
SID0000004,EXAM000S11,59
SID0000005,EXAM000S11,22
SID0000006,EXAM000S11,55
SID0000007,EXAM000S11,69
SID0000008,EXAM000S11,81
SID0000009,EXAM000S11,91
SID0000010,EXAM000S11,48
SID0000011,EXAM000S11,28
SID0000012,EXAM000S11,93
SID0000013,EXAM000S11,74
SID0000014,EXAM000S11,44
SID0000015,EXAM000S11,77
SID0000016,EXAM000S11,87
SID0000017,EXAM000S11,88
SID0000018,EXAM000S11,36
SID0000019,EXAM000S11,76
SID0000020,EXAM000S11,82
SID0000021,EXAM000S11,56
SID0000022,EXAM000S11,98
SID0000023,EXAM000S11,64
SID0000024,EXAM000S11,96
SID0000025,EXAM000S11,31
SID0000026,EXAM000S11,61
SID0000027,EXAM000S11,43
SID0000028,EXAM000S11,80
SID0000029,EXAM000S11,96
SID0000030,EXAM000S11,74
SID0000031,EXAM000S11,20
SID0000032,EXAM000S11,76
SID0000033,EXAM000S11,57
SID0000034,EXAM000S11,65
SID0000035,EXAM000S11,70
SID0000036,EXAM000S11,21
SID0000037,EXAM000S11,20
SID0000038,EXAM000S11,48
SID0000039,EXAM000S11,84
SID0000040,EXAM000S11,85
SID0000041,EXAM000S11,76
SID0000042,EXAM000S11,93
SID0000043,EXAM000S11,32
SID0000044,EXAM000S11,73
SID0000045,EXAM000S11,50
SID0000046,EXAM000S11,20
SID0000047,EXAM000S11,88
SID0000048,EXAM000S11,26
SID0000049,EXAM000S11,22
SID0000050,EXAM000S12,64
SID0000051,EXAM000S12,51
SID0000052,EXAM000S12,49
SID0000053,EXAM000S12,30
SID0000054,EXAM000S12,69
SID0000055,EXAM000S12,44
SID0000056,EXAM000S12,49
SID0000057,EXAM000S12,71
SID0000058,EXAM000S12,42
SID0000059,EXAM000S12,71
SID0000060,EXAM000S12,26
SID0000061,EXAM000S12,37
SID0000062,EXAM000S12,95
SID0000063,EXAM000S12,51
SID0000064,EXAM000S12,100
SID0000065,EXAM000S12,90
SID0000066,EXAM000S12,60
SID0000067,EXAM000S12,48
SID0000068,EXAM000S12,56
SID0000069,EXAM000S12,44
SID0000070,EXAM000S12,59
SID0000071,EXAM000S12,92
SID0000072,EXAM000S12,49
SID0000073,EXAM000S12,81
SID0000074,EXAM000S12,52
SID0000075,EXAM000S12,56
SID0000076,EXAM000S12,40
SID0000077,EXAM000S12,75
SID0000078,EXAM000S12,68
SID0000079,EXAM000S12,78
SID0000080,EXAM000S12,89
SID0000081,EXAM000S12,60
SID0000082,EXAM000S12,26
SID0000083,EXAM000S12,62
SID0000084,EXAM000S12,40
SID0000085,EXAM000S12,29
SID0000086,EXAM000S12,60
SID0000087,EXAM000S12,29
SID0000088,EXAM000S12,82
SID0000089,EXAM000S12,70
SID0000090,EXAM000S12,91
SID0000091,EXAM000S12,69
SID0000092,EXAM000S12,24
SID0000093,EXAM000S12,79
SID0000094,EXAM000S12,95
SID0000095,EXAM000S12,68
SID0000096,EXAM000S12,86
SID0000097,EXAM000S12,89
SID0000098,EXAM000S12,91
SID0000099,EXAM000S12,26
SID0000100,EXAM000S13,85
SID0000101,EXAM000S13,88
SID0000102,EXAM000S13,93
SID0000103,EXAM000S13,22
SID0000104,EXAM000S13,24
SID0000105,EXAM000S13,94
SID0000106,EXAM000S13,61
SID0000107,EXAM000S13,52
SID0000108,EXAM000S13,51
SID0000109,EXAM000S13,90
SID0000110,EXAM000S13,69
SID0000111,EXAM000S13,22
SID0000112,EXAM000S13,87
SID0000113,EXAM000S13,84
SID0000114,EXAM000S13,23
SID0000115,EXAM000S13,51
SID0000116,EXAM000S13,50
SID0000117,EXAM000S13,23
SID0000118,EXAM000S13,71
SID0000119,EXAM000S13,74
SID0000120,EXAM000S13,50
SID0000121,EXAM000S13,69
SID0000122,EXAM000S13,34
SID0000123,EXAM000S13,66
SID0000124,EXAM000S13,38
SID0000125,EXAM000S13,98
SID0000126,EXAM000S13,93
SID0000127,EXAM000S13,86
SID0000128,EXAM000S13,36
SID0000129,EXAM000S13,23
SID0000130,EXAM000S13,59
SID0000131,EXAM000S13,69
SID0000132,EXAM000S13,51
SID0000133,EXAM000S13,93
SID0000134,EXAM000S13,81
SID0000135,EXAM000S13,68
SID0000136,EXAM000S13,65
SID0000137,EXAM000S13,96
SID0000138,EXAM000S13,49
SID0000139,EXAM000S13,49
SID0000140,EXAM000S13,84
SID0000141,EXAM000S13,86
SID0000142,EXAM000S13,61
SID0000143,EXAM000S13,25
SID0000144,EXAM000S13,39
SID0000145,EXAM000S13,35
SID0000146,EXAM000S13,58
SID0000147,EXAM000S13,83
SID0000148,EXAM000S13,58
SID0000149,EXAM000S13,41
SID0000150,EXAM000S14,51
SID0000151,EXAM000S14,46
SID0000152,EXAM000S14,39
SID0000153,EXAM000S14,82
SID0000154,EXAM000S14,83
SID0000155,EXAM000S14,23
SID0000156,EXAM000S14,62
SID0000157,EXAM000S14,99
SID0000158,EXAM000S14,85
SID0000159,EXAM000S14,52
SID0000160,EXAM000S14,25
SID0000161,EXAM000S14,70
SID0000162,EXAM000S14,85
SID0000163,EXAM000S14,81
SID0000164,EXAM000S14,41
SID0000165,EXAM000S14,91
SID0000166,EXAM000S14,88
SID0000167,EXAM000S14,45
SID0000168,EXAM000S14,40
SID0000169,EXAM000S14,55
SID0000170,EXAM000S14,79
SID0000171,EXAM000S14,45
SID0000172,EXAM000S14,77
SID0000173,EXAM000S14,75
SID0000174,EXAM000S14,94
SID0000175,EXAM000S14,94
SID0000176,EXAM000S14,21
SID0000177,EXAM000S14,97
SID0000178,EXAM000S14,43
SID0000179,EXAM000S14,31
SID0000180,EXAM000S14,87
SID0000181,EXAM000S14,20
SID0000182,EXAM000S14,45
SID0000183,EXAM000S14,67
SID0000184,EXAM000S14,25
SID0000185,EXAM000S14,33
SID0000186,EXAM000S14,99
SID0000187,EXAM000S14,53
SID0000188,EXAM000S14,46
SID0000189,EXAM000S14,42
SID0000190,EXAM000S14,63
SID0000191,EXAM000S14,77
SID0000192,EXAM000S14,46
SID0000193,EXAM000S14,88
SID0000194,EXAM000S14,92
SID0000195,EXAM000S14,98
SID0000196,EXAM000S14,44
SID0000197,EXAM000S14,81
SID0000198,EXAM000S14,65
SID0000199,EXAM000S14,34
SID0000200,EXAM000S15,47
SID0000201,EXAM000S15,95
SID0000202,EXAM000S15,86
SID0000203,EXAM000S15,91
SID0000204,EXAM000S15,78
SID0000205,EXAM000S15,83
SID0000206,EXAM000S15,80
SID0000207,EXAM000S15,32
SID0000208,EXAM000S15,34
SID0000209,EXAM000S15,51
SID0000210,EXAM000S15,50
SID0000211,EXAM000S15,52
SID0000212,EXAM000S15,28
SID0000213,EXAM000S15,30
SID0000214,EXAM000S15,84
SID0000215,EXAM000S15,65
SID0000216,EXAM000S15,39
SID0000217,EXAM000S15,71
SID0000218,EXAM000S15,84
SID0000219,EXAM000S15,90
SID0000220,EXAM000S15,56
SID0000221,EXAM000S15,38
SID0000222,EXAM000S15,20
SID0000223,EXAM000S15,43
SID0000224,EXAM000S15,88
SID0000225,EXAM000S15,45
SID0000226,EXAM000S15,85
SID0000227,EXAM000S15,54
SID0000228,EXAM000S15,87
SID0000229,EXAM000S15,37
SID0000230,EXAM000S15,58
SID0000231,EXAM000S15,60
SID0000232,EXAM000S15,58
SID0000233,EXAM000S15,40
SID0000234,EXAM000S15,99
SID0000235,EXAM000S15,28
SID0000236,EXAM000S15,23
SID0000237,EXAM000S15,41
SID0000238,EXAM000S15,61
SID0000239,EXAM000S15,33
SID0000240,EXAM000S15,26
SID0000241,EXAM000S15,83
SID0000242,EXAM000S15,41
SID0000243,EXAM000S15,48
SID0000244,EXAM000S15,69
SID0000245,EXAM000S15,51
SID0000246,EXAM000S15,58
SID0000247,EXAM000S15,76
SID0000248,EXAM000S15,39
SID0000249,EXAM000S15,81
SID0000250,EXAM000S16,69
SID0000251,EXAM000S16,79
SID0000252,EXAM000S16,38
SID0000253,EXAM000S16,35
SID0000254,EXAM000S16,62
SID0000255,EXAM000S16,65
SID0000256,EXAM000S16,22
SID0000257,EXAM000S16,29
SID0000258,EXAM000S16,41
SID0000259,EXAM000S16,34
SID0000260,EXAM000S16,27
SID0000261,EXAM000S16,93
SID0000262,EXAM000S16,39
SID0000263,EXAM000S16,65
SID0000264,EXAM000S16,70
SID0000265,EXAM000S16,33
SID0000266,EXAM000S16,49
SID0000267,EXAM000S16,38
SID0000268,EXAM000S16,90
SID0000269,EXAM000S16,77
SID0000270,EXAM000S16,48
SID0000271,EXAM000S16,22
SID0000272,EXAM000S16,60
SID0000273,EXAM000S16,64
SID0000274,EXAM000S16,44
SID0000275,EXAM000S16,37
SID0000276,EXAM000S16,36
SID0000277,EXAM000S16,46
SID0000278,EXAM000S16,37
SID0000279,EXAM000S16,58
SID0000280,EXAM000S16,25
SID0000281,EXAM000S16,81
SID0000282,EXAM000S16,49
SID0000283,EXAM000S16,66
SID0000284,EXAM000S16,80
SID0000285,EXAM000S16,27
SID0000286,EXAM000S16,91
SID0000287,EXAM000S16,43
SID0000288,EXAM000S16,29
SID0000289,EXAM000S16,53
SID0000290,EXAM000S16,98
SID0000291,EXAM000S16,83
SID0000292,EXAM000S16,51
SID0000293,EXAM000S16,23
SID0000294,EXAM000S16,49
SID0000295,EXAM000S16,71
SID0000296,EXAM000S16,41
SID0000297,EXAM000S16,41
SID0000298,EXAM000S16,48
SID0000299,EXAM000S16,37
SID0000300,EXAM000S17,52
SID0000301,EXAM000S17,47
SID0000302,EXAM000S17,26
SID0000303,EXAM000S17,35
SID0000304,EXAM000S17,23
SID0000305,EXAM000S17,38
SID0000306,EXAM000S17,68
SID0000307,EXAM000S17,83
SID0000308,EXAM000S17,96
SID0000309,EXAM000S17,62
SID0000310,EXAM000S17,20
SID0000311,EXAM000S17,49
SID0000312,EXAM000S17,37
SID0000313,EXAM000S17,63
SID0000314,EXAM000S17,52
SID0000315,EXAM000S17,77
SID0000316,EXAM000S17,68
SID0000317,EXAM000S17,89
SID0000318,EXAM000S17,92
SID0000319,EXAM000S17,97
SID0000320,EXAM000S17,40
SID0000321,EXAM000S17,74
SID0000322,EXAM000S17,55
SID0000323,EXAM000S17,61
SID0000324,EXAM000S17,91
SID0000325,EXAM000S17,38
SID0000326,EXAM000S17,57
SID0000327,EXAM000S17,32
SID0000328,EXAM000S17,83
SID0000329,EXAM000S17,47
SID0000330,EXAM000S17,71
SID0000331,EXAM000S17,77
SID0000332,EXAM000S17,30
SID0000333,EXAM000S17,51
SID0000334,EXAM000S17,64
SID0000335,EXAM000S17,92
SID0000336,EXAM000S17,27
SID0000337,EXAM000S17,47
SID0000338,EXAM000S17,93
SID0000339,EXAM000S17,79
SID0000340,EXAM000S17,83
SID0000341,EXAM000S17,72
SID0000342,EXAM000S17,50
SID0000343,EXAM000S17,51
SID0000344,EXAM000S17,95
SID0000345,EXAM000S17,92
SID0000346,EXAM000S17,76
SID0000347,EXAM000S17,99
SID0000348,EXAM000S17,64
SID0000349,EXAM000S17,33
SID0000350,EXAM000S18,45
SID0000351,EXAM000S18,91
SID0000352,EXAM000S18,35
SID0000353,EXAM000S18,85
SID0000354,EXAM000S18,26
SID0000355,EXAM000S18,92
SID0000356,EXAM000S18,75
SID0000357,EXAM000S18,75
SID0000358,EXAM000S18,86
SID0000359,EXAM000S18,39
SID0000360,EXAM000S18,20
SID0000361,EXAM000S18,44
SID0000362,EXAM000S18,35
SID0000363,EXAM000S18,74
SID0000364,EXAM000S18,49
SID0000365,EXAM000S18,51
SID0000366,EXAM000S18,48
SID0000367,EXAM000S18,53
SID0000368,EXAM000S18,85
SID0000369,EXAM000S18,42
SID0000370,EXAM000S18,54
SID0000371,EXAM000S18,56
SID0000372,EXAM000S18,82
SID0000373,EXAM000S18,88
SID0000374,EXAM000S18,28
SID0000375,EXAM000S18,59
SID0000376,EXAM000S18,26
SID0000377,EXAM000S18,37
SID0000378,EXAM000S18,29
SID0000379,EXAM000S18,88
SID0000380,EXAM000S18,93
SID0000381,EXAM000S18,33
SID0000382,EXAM000S18,22
SID0000383,EXAM000S18,59
SID0000384,EXAM000S18,76
SID0000385,EXAM000S18,35
SID0000386,EXAM000S18,23
SID0000387,EXAM000S18,35
SID0000388,EXAM000S18,94
SID0000389,EXAM000S18,74
SID0000390,EXAM000S18,46
SID0000391,EXAM000S18,95
SID0000392,EXAM000S18,62
SID0000393,EXAM000S18,80
SID0000394,EXAM000S18,67
SID0000395,EXAM000S18,92
SID0000396,EXAM000S18,96
SID0000397,EXAM000S18,50
SID0000398,EXAM000S18,79
SID0000399,EXAM000S18,96
SID0000400,EXAM000S19,71
SID0000401,EXAM000S19,45
SID0000402,EXAM000S19,73
SID0000403,EXAM000S19,74
SID0000404,EXAM000S19,69
SID0000405,EXAM000S19,36
SID0000406,EXAM000S19,90
SID0000407,EXAM000S19,49
SID0000408,EXAM000S19,88
SID0000409,EXAM000S19,43
SID0000410,EXAM000S19,29
SID0000411,EXAM000S19,44
SID0000412,EXAM000S19,37
SID0000413,EXAM000S19,25
SID0000414,EXAM000S19,89
SID0000415,EXAM000S19,86
SID0000416,EXAM000S19,29
SID0000417,EXAM000S19,94
SID0000418,EXAM000S19,52
SID0000419,EXAM000S19,52
SID0000420,EXAM000S19,41
SID0000421,EXAM000S19,65
SID0000422,EXAM000S19,58
SID0000423,EXAM000S19,86
SID0000424,EXAM000S19,35
SID0000425,EXAM000S19,73
SID0000426,EXAM000S19,39
SID0000427,EXAM000S19,72
SID0000428,EXAM000S19,72
SID0000429,EXAM000S19,99
SID0000430,EXAM000S19,93
SID0000431,EXAM000S19,91
SID0000432,EXAM000S19,65
SID0000433,EXAM000S19,79
SID0000434,EXAM000S19,54
SID0000435,EXAM000S19,91
SID0000436,EXAM000S19,32
SID0000437,EXAM000S19,92
SID0000438,EXAM000S19,59
SID0000439,EXAM000S19,86
SID0000440,EXAM000S19,31
SID0000441,EXAM000S19,96
SID0000442,EXAM000S19,65
SID0000443,EXAM000S19,42
SID0000444,EXAM000S19,95
SID0000445,EXAM000S19,83
SID0000446,EXAM000S19,32
SID0000447,EXAM000S19,72
SID0000448,EXAM000S19,51
SID0000449,EXAM000S19,48
SID0000450,EXAM000S20,50
SID0000451,EXAM000S20,43
SID0000452,EXAM000S20,98
SID0000453,EXAM000S20,97
SID0000454,EXAM000S20,78
SID0000455,EXAM000S20,90
SID0000456,EXAM000S20,52
SID0000457,EXAM000S20,26
SID0000458,EXAM000S20,82
SID0000459,EXAM000S20,22
SID0000460,EXAM000S20,68
SID0000461,EXAM000S20,94
SID0000462,EXAM000S20,20
SID0000463,EXAM000S20,78
SID0000464,EXAM000S20,45
SID0000465,EXAM000S20,96
SID0000466,EXAM000S20,64
SID0000467,EXAM000S20,40
SID0000468,EXAM000S20,43
SID0000469,EXAM000S20,95
SID0000470,EXAM000S20,79
SID0000471,EXAM000S20,24
SID0000472,EXAM000S20,21
SID0000473,EXAM000S20,92
SID0000474,EXAM000S20,54
SID0000475,EXAM000S20,95
SID0000476,EXAM000S20,87
SID0000477,EXAM000S20,84
SID0000478,EXAM000S20,74
SID0000479,EXAM000S20,47
SID0000480,EXAM000S20,61
SID0000481,EXAM000S20,45
SID0000482,EXAM000S20,100
SID0000483,EXAM000S20,24
SID0000484,EXAM000S20,48
SID0000485,EXAM000S20,39
SID0000486,EXAM000S20,53
SID0000487,EXAM000S20,30
SID0000488,EXAM000S20,78
SID0000489,EXAM000S20,85
SID0000490,EXAM000S20,64
SID0000491,EXAM000S20,86
SID0000492,EXAM000S20,89
SID0000493,EXAM000S20,85
SID0000494,EXAM000S20,26
SID0000495,EXAM000S20,54
SID0000496,EXAM000S20,87
SID0000497,EXAM000S20,84
SID0000498,EXAM000S20,76
SID0000499,EXAM000S20,31
SID0000500,EXAM000S21,78
SID0000501,EXAM000S21,61
SID0000502,EXAM000S21,78
SID0000503,EXAM000S21,88
SID0000504,EXAM000S21,79
SID0000505,EXAM000S21,25
SID0000506,EXAM000S21,68
SID0000507,EXAM000S21,28
SID0000508,EXAM000S21,86
SID0000509,EXAM000S21,47
SID0000510,EXAM000S21,59
SID0000511,EXAM000S21,41
SID0000512,EXAM000S21,90
SID0000513,EXAM000S21,97
SID0000514,EXAM000S21,51
SID0000515,EXAM000S21,85
SID0000516,EXAM000S21,59
SID0000517,EXAM000S21,27
SID0000518,EXAM000S21,82
SID0000519,EXAM000S21,98
SID0000520,EXAM000S21,53
SID0000521,EXAM000S21,66
SID0000522,EXAM000S21,88
SID0000523,EXAM000S21,85
SID0000524,EXAM000S21,30
SID0000525,EXAM000S21,42
SID0000526,EXAM000S21,26
SID0000527,EXAM000S21,91
SID0000528,EXAM000S21,44
SID0000529,EXAM000S21,70
SID0000530,EXAM000S21,68
SID0000531,EXAM000S21,78
SID0000532,EXAM000S21,74
SID0000533,EXAM000S21,87
SID0000534,EXAM000S21,59
SID0000535,EXAM000S21,39
SID0000536,EXAM000S21,88
SID0000537,EXAM000S21,65
SID0000538,EXAM000S21,65
SID0000539,EXAM000S21,70
SID0000540,EXAM000S21,65
SID0000541,EXAM000S21,66
SID0000542,EXAM000S21,84
SID0000543,EXAM000S21,53
SID0000544,EXAM000S21,86
SID0000545,EXAM000S21,29
SID0000546,EXAM000S21,92
SID0000547,EXAM000S21,70
SID0000548,EXAM000S21,94
SID0000549,EXAM000S21,95
SID0000550,EXAM000S22,61
SID0000551,EXAM000S22,64
SID0000552,EXAM000S22,34
SID0000553,EXAM000S22,47
SID0000554,EXAM000S22,39
SID0000555,EXAM000S22,90
SID0000556,EXAM000S22,32
SID0000557,EXAM000S22,88
SID0000558,EXAM000S22,20
SID0000559,EXAM000S22,95
SID0000560,EXAM000S22,30
SID0000561,EXAM000S22,79
SID0000562,EXAM000S22,49
SID0000563,EXAM000S22,40
SID0000564,EXAM000S22,47
SID0000565,EXAM000S22,59
SID0000566,EXAM000S22,34
SID0000567,EXAM000S22,27
SID0000568,EXAM000S22,53
SID0000569,EXAM000S22,24
SID0000570,EXAM000S22,58
SID0000571,EXAM000S22,44
SID0000572,EXAM000S22,99
SID0000573,EXAM000S22,96
SID0000574,EXAM000S22,56
SID0000575,EXAM000S22,49
SID0000576,EXAM000S22,96
SID0000577,EXAM000S22,83
SID0000578,EXAM000S22,91
SID0000579,EXAM000S22,75
SID0000580,EXAM000S22,29
SID0000581,EXAM000S22,97
SID0000582,EXAM000S22,68
SID0000583,EXAM000S22,43
SID0000584,EXAM000S22,76
SID0000585,EXAM000S22,100
SID0000586,EXAM000S22,52
SID0000587,EXAM000S22,32
SID0000588,EXAM000S22,37
SID0000589,EXAM000S22,42
SID0000590,EXAM000S22,45
SID0000591,EXAM000S22,40
SID0000592,EXAM000S22,42
SID0000593,EXAM000S22,54
SID0000594,EXAM000S22,42
SID0000595,EXAM000S22,39
SID0000596,EXAM000S22,72
SID0000597,EXAM000S22,48
SID0000598,EXAM000S22,34
SID0000599,EXAM000S22,60
SID0000600,EXAM000S22,44
SID0000001,EXAM000H11,80
SID0000002,EXAM000H11,90
SID0000003,EXAM000H11,23
SID0000004,EXAM000H11,62
SID0000005,EXAM000H11,100
SID0000006,EXAM000H11,95
SID0000007,EXAM000H11,31
SID0000008,EXAM000H11,37
SID0000009,EXAM000H11,68
SID0000010,EXAM000H11,72
SID0000011,EXAM000H11,70
SID0000012,EXAM000H11,82
SID0000013,EXAM000H11,52
SID0000014,EXAM000H11,85
SID0000015,EXAM000H11,76
SID0000016,EXAM000H11,39
SID0000017,EXAM000H11,77
SID0000018,EXAM000H11,69
SID0000019,EXAM000H11,88
SID0000020,EXAM000H11,66
SID0000021,EXAM000H11,96
SID0000022,EXAM000H11,51
SID0000023,EXAM000H11,99
SID0000024,EXAM000H11,23
SID0000025,EXAM000H11,21
SID0000026,EXAM000H11,69
SID0000027,EXAM000H11,26
SID0000028,EXAM000H11,30
SID0000029,EXAM000H11,53
SID0000030,EXAM000H11,53
SID0000031,EXAM000H11,62
SID0000032,EXAM000H11,92
SID0000033,EXAM000H11,43
SID0000034,EXAM000H11,80
SID0000035,EXAM000H11,58
SID0000036,EXAM000H11,68
SID0000037,EXAM000H11,78
SID0000038,EXAM000H11,73
SID0000039,EXAM000H11,27
SID0000040,EXAM000H11,35
SID0000041,EXAM000H11,45
SID0000042,EXAM000H11,49
SID0000043,EXAM000H11,48
SID0000044,EXAM000H11,62
SID0000045,EXAM000H11,25
SID0000046,EXAM000H11,42
SID0000047,EXAM000H11,84
SID0000048,EXAM000H11,51
SID0000049,EXAM000H11,61
SID0000050,EXAM000H12,69
SID0000051,EXAM000H12,70
SID0000052,EXAM000H12,95
SID0000053,EXAM000H12,70
SID0000054,EXAM000H12,87
SID0000055,EXAM000H12,80
SID0000056,EXAM000H12,71
SID0000057,EXAM000H12,69
SID0000058,EXAM000H12,21
SID0000059,EXAM000H12,59
SID0000060,EXAM000H12,42
SID0000061,EXAM000H12,41
SID0000062,EXAM000H12,53
SID0000063,EXAM000H12,55
SID0000064,EXAM000H12,47
SID0000065,EXAM000H12,48
SID0000066,EXAM000H12,99
SID0000067,EXAM000H12,73
SID0000068,EXAM000H12,47
SID0000069,EXAM000H12,71
SID0000070,EXAM000H12,62
SID0000071,EXAM000H12,48
SID0000072,EXAM000H12,55
SID0000073,EXAM000H12,64
SID0000074,EXAM000H12,92
SID0000075,EXAM000H12,87
SID0000076,EXAM000H12,54
SID0000077,EXAM000H12,85
SID0000078,EXAM000H12,81
SID0000079,EXAM000H12,66
SID0000080,EXAM000H12,22
SID0000081,EXAM000H12,48
SID0000082,EXAM000H12,52
SID0000083,EXAM000H12,42
SID0000084,EXAM000H12,91
SID0000085,EXAM000H12,27
SID0000086,EXAM000H12,96
SID0000087,EXAM000H12,79
SID0000088,EXAM000H12,97
SID0000089,EXAM000H12,52
SID0000090,EXAM000H12,59
SID0000091,EXAM000H12,59
SID0000092,EXAM000H12,37
SID0000093,EXAM000H12,83
SID0000094,EXAM000H12,72
SID0000095,EXAM000H12,67
SID0000096,EXAM000H12,83
SID0000097,EXAM000H12,69
SID0000098,EXAM000H12,59
SID0000099,EXAM000H12,89
SID0000100,EXAM000H13,22
SID0000101,EXAM000H13,88
SID0000102,EXAM000H13,44
SID0000103,EXAM000H13,94
SID0000104,EXAM000H13,99
SID0000105,EXAM000H13,98
SID0000106,EXAM000H13,38
SID0000107,EXAM000H13,33
SID0000108,EXAM000H13,22
SID0000109,EXAM000H13,69
SID0000110,EXAM000H13,59
SID0000111,EXAM000H13,69
SID0000112,EXAM000H13,26
SID0000113,EXAM000H13,99
SID0000114,EXAM000H13,41
SID0000115,EXAM000H13,85
SID0000116,EXAM000H13,63
SID0000117,EXAM000H13,99
SID0000118,EXAM000H13,67
SID0000119,EXAM000H13,98
SID0000120,EXAM000H13,22
SID0000121,EXAM000H13,61
SID0000122,EXAM000H13,78
SID0000123,EXAM000H13,98
SID0000124,EXAM000H13,40
SID0000125,EXAM000H13,61
SID0000126,EXAM000H13,27
SID0000127,EXAM000H13,93
SID0000128,EXAM000H13,100
SID0000129,EXAM000H13,33
SID0000130,EXAM000H13,63
SID0000131,EXAM000H13,74
SID0000132,EXAM000H13,50
SID0000133,EXAM000H13,73
SID0000134,EXAM000H13,36
SID0000135,EXAM000H13,33
SID0000136,EXAM000H13,69
SID0000137,EXAM000H13,66
SID0000138,EXAM000H13,34
SID0000139,EXAM000H13,50
SID0000140,EXAM000H13,29
SID0000141,EXAM000H13,81
SID0000142,EXAM000H13,99
SID0000143,EXAM000H13,50
SID0000144,EXAM000H13,78
SID0000145,EXAM000H13,73
SID0000146,EXAM000H13,77
SID0000147,EXAM000H13,88
SID0000148,EXAM000H13,60
SID0000149,EXAM000H13,41
SID0000150,EXAM000H14,87
SID0000151,EXAM000H14,51
SID0000152,EXAM000H14,35
SID0000153,EXAM000H14,56
SID0000154,EXAM000H14,85
SID0000155,EXAM000H14,41
SID0000156,EXAM000H14,36
SID0000157,EXAM000H14,93
SID0000158,EXAM000H14,70
SID0000159,EXAM000H14,52
SID0000160,EXAM000H14,59
SID0000161,EXAM000H14,99
SID0000162,EXAM000H14,70
SID0000163,EXAM000H14,49
SID0000164,EXAM000H14,34
SID0000165,EXAM000H14,27
SID0000166,EXAM000H14,79
SID0000167,EXAM000H14,66
SID0000168,EXAM000H14,21
SID0000169,EXAM000H14,99
SID0000170,EXAM000H14,49
SID0000171,EXAM000H14,62
SID0000172,EXAM000H14,64
SID0000173,EXAM000H14,33
SID0000174,EXAM000H14,67
SID0000175,EXAM000H14,54
SID0000176,EXAM000H14,81
SID0000177,EXAM000H14,65
SID0000178,EXAM000H14,75
SID0000179,EXAM000H14,83
SID0000180,EXAM000H14,80
SID0000181,EXAM000H14,51
SID0000182,EXAM000H14,99
SID0000183,EXAM000H14,43
SID0000184,EXAM000H14,24
SID0000185,EXAM000H14,82
SID0000186,EXAM000H14,96
SID0000187,EXAM000H14,73
SID0000188,EXAM000H14,58
SID0000189,EXAM000H14,70
SID0000190,EXAM000H14,68
SID0000191,EXAM000H14,46
SID0000192,EXAM000H14,72
SID0000193,EXAM000H14,51
SID0000194,EXAM000H14,46
SID0000195,EXAM000H14,61
SID0000196,EXAM000H14,52
SID0000197,EXAM000H14,73
SID0000198,EXAM000H14,91
SID0000199,EXAM000H14,27
SID0000200,EXAM000H15,24
SID0000201,EXAM000H15,91
SID0000202,EXAM000H15,79
SID0000203,EXAM000H15,47
SID0000204,EXAM000H15,21
SID0000205,EXAM000H15,62
SID0000206,EXAM000H15,56
SID0000207,EXAM000H15,55
SID0000208,EXAM000H15,80
SID0000209,EXAM000H15,30
SID0000210,EXAM000H15,34
SID0000211,EXAM000H15,25
SID0000212,EXAM000H15,72
SID0000213,EXAM000H15,59
SID0000214,EXAM000H15,95
SID0000215,EXAM000H15,73
SID0000216,EXAM000H15,29
SID0000217,EXAM000H15,87
SID0000218,EXAM000H15,89
SID0000219,EXAM000H15,81
SID0000220,EXAM000H15,74
SID0000221,EXAM000H15,33
SID0000222,EXAM000H15,74
SID0000223,EXAM000H15,91
SID0000224,EXAM000H15,50
SID0000225,EXAM000H15,94
SID0000226,EXAM000H15,91
SID0000227,EXAM000H15,62
SID0000228,EXAM000H15,65
SID0000229,EXAM000H15,95
SID0000230,EXAM000H15,85
SID0000231,EXAM000H15,94
SID0000232,EXAM000H15,59
SID0000233,EXAM000H15,29
SID0000234,EXAM000H15,62
SID0000235,EXAM000H15,61
SID0000236,EXAM000H15,100
SID0000237,EXAM000H15,88
SID0000238,EXAM000H15,98
SID0000239,EXAM000H15,28
SID0000240,EXAM000H15,95
SID0000241,EXAM000H15,57
SID0000242,EXAM000H15,50
SID0000243,EXAM000H15,45
SID0000244,EXAM000H15,55
SID0000245,EXAM000H15,71
SID0000246,EXAM000H15,68
SID0000247,EXAM000H15,73
SID0000248,EXAM000H15,82
SID0000249,EXAM000H15,37
SID0000250,EXAM000H16,57
SID0000251,EXAM000H16,27
SID0000252,EXAM000H16,73
SID0000253,EXAM000H16,70
SID0000254,EXAM000H16,71
SID0000255,EXAM000H16,46
SID0000256,EXAM000H16,65
SID0000257,EXAM000H16,92
SID0000258,EXAM000H16,52
SID0000259,EXAM000H16,49
SID0000260,EXAM000H16,85
SID0000261,EXAM000H16,27
SID0000262,EXAM000H16,71
SID0000263,EXAM000H16,70
SID0000264,EXAM000H16,98
SID0000265,EXAM000H16,57
SID0000266,EXAM000H16,43
SID0000267,EXAM000H16,95
SID0000268,EXAM000H16,81
SID0000269,EXAM000H16,52
SID0000270,EXAM000H16,33
SID0000271,EXAM000H16,55
SID0000272,EXAM000H16,72
SID0000273,EXAM000H16,57
SID0000274,EXAM000H16,32
SID0000275,EXAM000H16,100
SID0000276,EXAM000H16,62
SID0000277,EXAM000H16,98
SID0000278,EXAM000H16,83
SID0000279,EXAM000H16,73
SID0000280,EXAM000H16,55
SID0000281,EXAM000H16,28
SID0000282,EXAM000H16,94
SID0000283,EXAM000H16,68
SID0000284,EXAM000H16,31
SID0000285,EXAM000H16,87
SID0000286,EXAM000H16,39
SID0000287,EXAM000H16,25
SID0000288,EXAM000H16,30
SID0000289,EXAM000H16,87
SID0000290,EXAM000H16,20
SID0000291,EXAM000H16,91
SID0000292,EXAM000H16,67
SID0000293,EXAM000H16,28
SID0000294,EXAM000H16,70
SID0000295,EXAM000H16,99
SID0000296,EXAM000H16,32
SID0000297,EXAM000H16,27
SID0000298,EXAM000H16,85
SID0000299,EXAM000H16,76
SID0000300,EXAM000H17,82
SID0000301,EXAM000H17,44
SID0000302,EXAM000H17,31
SID0000303,EXAM000H17,83
SID0000304,EXAM000H17,38
SID0000305,EXAM000H17,100
SID0000306,EXAM000H17,68
SID0000307,EXAM000H17,72
SID0000308,EXAM000H17,87
SID0000309,EXAM000H17,97
SID0000310,EXAM000H17,92
SID0000311,EXAM000H17,35
SID0000312,EXAM000H17,96
SID0000313,EXAM000H17,84
SID0000314,EXAM000H17,95
SID0000315,EXAM000H17,60
SID0000316,EXAM000H17,79
SID0000317,EXAM000H17,24
SID0000318,EXAM000H17,90
SID0000319,EXAM000H17,23
SID0000320,EXAM000H17,32
SID0000321,EXAM000H17,49
SID0000322,EXAM000H17,76
SID0000323,EXAM000H17,72
SID0000324,EXAM000H17,32
SID0000325,EXAM000H17,42
SID0000326,EXAM000H17,51
SID0000327,EXAM000H17,79
SID0000328,EXAM000H17,80
SID0000329,EXAM000H17,73
SID0000330,EXAM000H17,92
SID0000331,EXAM000H17,60
SID0000332,EXAM000H17,26
SID0000333,EXAM000H17,83
SID0000334,EXAM000H17,74
SID0000335,EXAM000H17,27
SID0000336,EXAM000H17,90
SID0000337,EXAM000H17,50
SID0000338,EXAM000H17,69
SID0000339,EXAM000H17,80
SID0000340,EXAM000H17,69
SID0000341,EXAM000H17,95
SID0000342,EXAM000H17,32
SID0000343,EXAM000H17,51
SID0000344,EXAM000H17,82
SID0000345,EXAM000H17,64
SID0000346,EXAM000H17,83
SID0000347,EXAM000H17,61
SID0000348,EXAM000H17,97
SID0000349,EXAM000H17,62
SID0000350,EXAM000H18,36
SID0000351,EXAM000H18,90
SID0000352,EXAM000H18,82
SID0000353,EXAM000H18,35
SID0000354,EXAM000H18,70
SID0000355,EXAM000H18,83
SID0000356,EXAM000H18,79
SID0000357,EXAM000H18,97
SID0000358,EXAM000H18,36
SID0000359,EXAM000H18,92
SID0000360,EXAM000H18,89
SID0000361,EXAM000H18,82
SID0000362,EXAM000H18,38
SID0000363,EXAM000H18,35
SID0000364,EXAM000H18,34
SID0000365,EXAM000H18,97
SID0000366,EXAM000H18,90
SID0000367,EXAM000H18,34
SID0000368,EXAM000H18,76
SID0000369,EXAM000H18,23
SID0000370,EXAM000H18,63
SID0000371,EXAM000H18,80
SID0000372,EXAM000H18,78
SID0000373,EXAM000H18,88
SID0000374,EXAM000H18,63
SID0000375,EXAM000H18,89
SID0000376,EXAM000H18,35
SID0000377,EXAM000H18,79
SID0000378,EXAM000H18,98
SID0000379,EXAM000H18,53
SID0000380,EXAM000H18,60
SID0000381,EXAM000H18,88
SID0000382,EXAM000H18,99
SID0000383,EXAM000H18,68
SID0000384,EXAM000H18,48
SID0000385,EXAM000H18,69
SID0000386,EXAM000H18,100
SID0000387,EXAM000H18,67
SID0000388,EXAM000H18,37
SID0000389,EXAM000H18,75
SID0000390,EXAM000H18,72
SID0000391,EXAM000H18,65
SID0000392,EXAM000H18,63
SID0000393,EXAM000H18,96
SID0000394,EXAM000H18,59
SID0000395,EXAM000H18,23
SID0000396,EXAM000H18,32
SID0000397,EXAM000H18,33
SID0000398,EXAM000H18,25
SID0000399,EXAM000H18,64
SID0000400,EXAM000H19,44
SID0000401,EXAM000H19,53
SID0000402,EXAM000H19,78
SID0000403,EXAM000H19,77
SID0000404,EXAM000H19,56
SID0000405,EXAM000H19,68
SID0000406,EXAM000H19,36
SID0000407,EXAM000H19,36
SID0000408,EXAM000H19,20
SID0000409,EXAM000H19,48
SID0000410,EXAM000H19,33
SID0000411,EXAM000H19,31
SID0000412,EXAM000H19,89
SID0000413,EXAM000H19,43
SID0000414,EXAM000H19,50
SID0000415,EXAM000H19,31
SID0000416,EXAM000H19,66
SID0000417,EXAM000H19,51
SID0000418,EXAM000H19,90
SID0000419,EXAM000H19,29
SID0000420,EXAM000H19,32
SID0000421,EXAM000H19,55
SID0000422,EXAM000H19,58
SID0000423,EXAM000H19,29
SID0000424,EXAM000H19,59
SID0000425,EXAM000H19,52
SID0000426,EXAM000H19,25
SID0000427,EXAM000H19,64
SID0000428,EXAM000H19,54
SID0000429,EXAM000H19,56
SID0000430,EXAM000H19,82
SID0000431,EXAM000H19,26
SID0000432,EXAM000H19,94
SID0000433,EXAM000H19,51
SID0000434,EXAM000H19,23
SID0000435,EXAM000H19,45
SID0000436,EXAM000H19,66
SID0000437,EXAM000H19,74
SID0000438,EXAM000H19,36
SID0000439,EXAM000H19,57
SID0000440,EXAM000H19,63
SID0000441,EXAM000H19,86
SID0000442,EXAM000H19,44
SID0000443,EXAM000H19,25
SID0000444,EXAM000H19,43
SID0000445,EXAM000H19,22
SID0000446,EXAM000H19,79
SID0000447,EXAM000H19,67
SID0000448,EXAM000H19,42
SID0000449,EXAM000H19,96
SID0000450,EXAM000H20,37
SID0000451,EXAM000H20,82
SID0000452,EXAM000H20,63
SID0000453,EXAM000H20,78
SID0000454,EXAM000H20,76
SID0000455,EXAM000H20,34
SID0000456,EXAM000H20,51
SID0000457,EXAM000H20,32
SID0000458,EXAM000H20,49
SID0000459,EXAM000H20,71
SID0000460,EXAM000H20,89
SID0000461,EXAM000H20,20
SID0000462,EXAM000H20,56
SID0000463,EXAM000H20,32
SID0000464,EXAM000H20,28
SID0000465,EXAM000H20,74
SID0000466,EXAM000H20,62
SID0000467,EXAM000H20,24
SID0000468,EXAM000H20,37
SID0000469,EXAM000H20,57
SID0000470,EXAM000H20,56
SID0000471,EXAM000H20,92
SID0000472,EXAM000H20,53
SID0000473,EXAM000H20,53
SID0000474,EXAM000H20,28
SID0000475,EXAM000H20,66
SID0000476,EXAM000H20,21
SID0000477,EXAM000H20,85
SID0000478,EXAM000H20,43
SID0000479,EXAM000H20,44
SID0000480,EXAM000H20,40
SID0000481,EXAM000H20,25
SID0000482,EXAM000H20,33
SID0000483,EXAM000H20,81
SID0000484,EXAM000H20,30
SID0000485,EXAM000H20,42
SID0000486,EXAM000H20,78
SID0000487,EXAM000H20,86
SID0000488,EXAM000H20,33
SID0000489,EXAM000H20,51
SID0000490,EXAM000H20,24
SID0000491,EXAM000H20,21
SID0000492,EXAM000H20,91
SID0000493,EXAM000H20,39
SID0000494,EXAM000H20,50
SID0000495,EXAM000H20,74
SID0000496,EXAM000H20,57
SID0000497,EXAM000H20,34
SID0000498,EXAM000H20,66
SID0000499,EXAM000H20,78
SID0000500,EXAM000H21,45
SID0000501,EXAM000H21,32
SID0000502,EXAM000H21,92
SID0000503,EXAM000H21,68
SID0000504,EXAM000H21,76
SID0000505,EXAM000H21,84
SID0000506,EXAM000H21,24
SID0000507,EXAM000H21,43
SID0000508,EXAM000H21,38
SID0000509,EXAM000H21,27
SID0000510,EXAM000H21,73
SID0000511,EXAM000H21,22
SID0000512,EXAM000H21,84
SID0000513,EXAM000H21,40
SID0000514,EXAM000H21,95
SID0000515,EXAM000H21,69
SID0000516,EXAM000H21,72
SID0000517,EXAM000H21,93
SID0000518,EXAM000H21,95
SID0000519,EXAM000H21,77
SID0000520,EXAM000H21,63
SID0000521,EXAM000H21,45
SID0000522,EXAM000H21,24
SID0000523,EXAM000H21,78
SID0000524,EXAM000H21,40
SID0000525,EXAM000H21,31
SID0000526,EXAM000H21,29
SID0000527,EXAM000H21,99
SID0000528,EXAM000H21,45
SID0000529,EXAM000H21,73
SID0000530,EXAM000H21,98
SID0000531,EXAM000H21,50
SID0000532,EXAM000H21,86
SID0000533,EXAM000H21,62
SID0000534,EXAM000H21,93
SID0000535,EXAM000H21,65
SID0000536,EXAM000H21,31
SID0000537,EXAM000H21,59
SID0000538,EXAM000H21,77
SID0000539,EXAM000H21,21
SID0000540,EXAM000H21,97
SID0000541,EXAM000H21,76
SID0000542,EXAM000H21,81
SID0000543,EXAM000H21,32
SID0000544,EXAM000H21,33
SID0000545,EXAM000H21,87
SID0000546,EXAM000H21,30
SID0000547,EXAM000H21,29
SID0000548,EXAM000H21,41
SID0000549,EXAM000H21,23
SID0000550,EXAM000H22,82
SID0000551,EXAM000H22,36
SID0000552,EXAM000H22,28
SID0000553,EXAM000H22,22
SID0000554,EXAM000H22,81
SID0000555,EXAM000H22,70
SID0000556,EXAM000H22,32
SID0000557,EXAM000H22,53
SID0000558,EXAM000H22,57
SID0000559,EXAM000H22,45
SID0000560,EXAM000H22,52
SID0000561,EXAM000H22,62
SID0000562,EXAM000H22,70
SID0000563,EXAM000H22,99
SID0000564,EXAM000H22,83
SID0000565,EXAM000H22,85
SID0000566,EXAM000H22,91
SID0000567,EXAM000H22,89
SID0000568,EXAM000H22,41
SID0000569,EXAM000H22,37
SID0000570,EXAM000H22,97
SID0000571,EXAM000H22,32
SID0000572,EXAM000H22,70
SID0000573,EXAM000H22,98
SID0000574,EXAM000H22,50
SID0000575,EXAM000H22,62
SID0000576,EXAM000H22,24
SID0000577,EXAM000H22,45
SID0000578,EXAM000H22,90
SID0000579,EXAM000H22,54
SID0000580,EXAM000H22,67
SID0000581,EXAM000H22,25
SID0000582,EXAM000H22,97
SID0000583,EXAM000H22,60
SID0000584,EXAM000H22,34
SID0000585,EXAM000H22,58
SID0000586,EXAM000H22,84
SID0000587,EXAM000H22,78
SID0000588,EXAM000H22,63
SID0000589,EXAM000H22,84
SID0000590,EXAM000H22,43
SID0000591,EXAM000H22,75
SID0000592,EXAM000H22,77
SID0000593,EXAM000H22,27
SID0000594,EXAM000H22,57
SID0000595,EXAM000H22,27
SID0000596,EXAM000H22,93
SID0000597,EXAM000H22,85
SID0000598,EXAM000H22,54
SID0000599,EXAM000H22,51
SID0000600,EXAM000H22,22
SID0000001,EXAM000G11,68
SID0000002,EXAM000G11,85
SID0000003,EXAM000G11,67
SID0000004,EXAM000G11,26
SID0000005,EXAM000G11,27
SID0000006,EXAM000G11,74
SID0000007,EXAM000G11,44
SID0000008,EXAM000G11,100
SID0000009,EXAM000G11,21
SID0000010,EXAM000G11,26
SID0000011,EXAM000G11,87
SID0000012,EXAM000G11,40
SID0000013,EXAM000G11,64
SID0000014,EXAM000G11,90
SID0000015,EXAM000G11,79
SID0000016,EXAM000G11,85
SID0000017,EXAM000G11,61
SID0000018,EXAM000G11,96
SID0000019,EXAM000G11,25
SID0000020,EXAM000G11,35
SID0000021,EXAM000G11,85
SID0000022,EXAM000G11,80
SID0000023,EXAM000G11,65
SID0000024,EXAM000G11,37
SID0000025,EXAM000G11,38
SID0000026,EXAM000G11,92
SID0000027,EXAM000G11,24
SID0000028,EXAM000G11,60
SID0000029,EXAM000G11,46
SID0000030,EXAM000G11,76
SID0000031,EXAM000G11,45
SID0000032,EXAM000G11,62
SID0000033,EXAM000G11,45
SID0000034,EXAM000G11,91
SID0000035,EXAM000G11,53
SID0000036,EXAM000G11,54
SID0000037,EXAM000G11,86
SID0000038,EXAM000G11,81
SID0000039,EXAM000G11,93
SID0000040,EXAM000G11,54
SID0000041,EXAM000G11,27
SID0000042,EXAM000G11,94
SID0000043,EXAM000G11,83
SID0000044,EXAM000G11,63
SID0000045,EXAM000G11,28
SID0000046,EXAM000G11,61
SID0000047,EXAM000G11,35
SID0000048,EXAM000G11,82
SID0000049,EXAM000G11,54
SID0000050,EXAM000G12,25
SID0000051,EXAM000G12,57
SID0000052,EXAM000G12,93
SID0000053,EXAM000G12,100
SID0000054,EXAM000G12,72
SID0000055,EXAM000G12,30
SID0000056,EXAM000G12,84
SID0000057,EXAM000G12,35
SID0000058,EXAM000G12,84
SID0000059,EXAM000G12,100
SID0000060,EXAM000G12,93
SID0000061,EXAM000G12,23
SID0000062,EXAM000G12,49
SID0000063,EXAM000G12,56
SID0000064,EXAM000G12,93
SID0000065,EXAM000G12,50
SID0000066,EXAM000G12,68
SID0000067,EXAM000G12,86
SID0000068,EXAM000G12,61
SID0000069,EXAM000G12,70
SID0000070,EXAM000G12,96
SID0000071,EXAM000G12,56
SID0000072,EXAM000G12,41
SID0000073,EXAM000G12,82
SID0000074,EXAM000G12,99
SID0000075,EXAM000G12,100
SID0000076,EXAM000G12,60
SID0000077,EXAM000G12,41
SID0000078,EXAM000G12,46
SID0000079,EXAM000G12,59
SID0000080,EXAM000G12,77
SID0000081,EXAM000G12,41
SID0000082,EXAM000G12,45
SID0000083,EXAM000G12,22
SID0000084,EXAM000G12,94
SID0000085,EXAM000G12,22
SID0000086,EXAM000G12,82
SID0000087,EXAM000G12,49
SID0000088,EXAM000G12,88
SID0000089,EXAM000G12,22
SID0000090,EXAM000G12,37
SID0000091,EXAM000G12,26
SID0000092,EXAM000G12,76
SID0000093,EXAM000G12,57
SID0000094,EXAM000G12,41
SID0000095,EXAM000G12,36
SID0000096,EXAM000G12,38
SID0000097,EXAM000G12,95
SID0000098,EXAM000G12,82
SID0000099,EXAM000G12,92
SID0000100,EXAM000G13,48
SID0000101,EXAM000G13,95
SID0000102,EXAM000G13,47
SID0000103,EXAM000G13,68
SID0000104,EXAM000G13,97
SID0000105,EXAM000G13,62
SID0000106,EXAM000G13,75
SID0000107,EXAM000G13,79
SID0000108,EXAM000G13,31
SID0000109,EXAM000G13,82
SID0000110,EXAM000G13,63
SID0000111,EXAM000G13,80
SID0000112,EXAM000G13,26
SID0000113,EXAM000G13,48
SID0000114,EXAM000G13,35
SID0000115,EXAM000G13,90
SID0000116,EXAM000G13,32
SID0000117,EXAM000G13,55
SID0000118,EXAM000G13,97
SID0000119,EXAM000G13,90
SID0000120,EXAM000G13,82
SID0000121,EXAM000G13,88
SID0000122,EXAM000G13,47
SID0000123,EXAM000G13,62
SID0000124,EXAM000G13,38
SID0000125,EXAM000G13,66
SID0000126,EXAM000G13,85
SID0000127,EXAM000G13,45
SID0000128,EXAM000G13,79
SID0000129,EXAM000G13,40
SID0000130,EXAM000G13,47
SID0000131,EXAM000G13,23
SID0000132,EXAM000G13,40
SID0000133,EXAM000G13,56
SID0000134,EXAM000G13,53
SID0000135,EXAM000G13,55
SID0000136,EXAM000G13,45
SID0000137,EXAM000G13,86
SID0000138,EXAM000G13,94
SID0000139,EXAM000G13,43
SID0000140,EXAM000G13,69
SID0000141,EXAM000G13,47
SID0000142,EXAM000G13,99
SID0000143,EXAM000G13,45
SID0000144,EXAM000G13,22
SID0000145,EXAM000G13,44
SID0000146,EXAM000G13,63
SID0000147,EXAM000G13,49
SID0000148,EXAM000G13,56
SID0000149,EXAM000G13,23
SID0000150,EXAM000G14,42
SID0000151,EXAM000G14,52
SID0000152,EXAM000G14,70
SID0000153,EXAM000G14,40
SID0000154,EXAM000G14,85
SID0000155,EXAM000G14,68
SID0000156,EXAM000G14,22
SID0000157,EXAM000G14,96
SID0000158,EXAM000G14,30
SID0000159,EXAM000G14,70
SID0000160,EXAM000G14,76
SID0000161,EXAM000G14,99
SID0000162,EXAM000G14,80
SID0000163,EXAM000G14,47
SID0000164,EXAM000G14,60
SID0000165,EXAM000G14,72
SID0000166,EXAM000G14,72
SID0000167,EXAM000G14,20
SID0000168,EXAM000G14,61
SID0000169,EXAM000G14,65
SID0000170,EXAM000G14,38
SID0000171,EXAM000G14,44
SID0000172,EXAM000G14,97
SID0000173,EXAM000G14,71
SID0000174,EXAM000G14,57
SID0000175,EXAM000G14,83
SID0000176,EXAM000G14,98
SID0000177,EXAM000G14,91
SID0000178,EXAM000G14,93
SID0000179,EXAM000G14,57
SID0000180,EXAM000G14,55
SID0000181,EXAM000G14,27
SID0000182,EXAM000G14,37
SID0000183,EXAM000G14,95
SID0000184,EXAM000G14,76
SID0000185,EXAM000G14,81
SID0000186,EXAM000G14,74
SID0000187,EXAM000G14,89
SID0000188,EXAM000G14,52
SID0000189,EXAM000G14,91
SID0000190,EXAM000G14,88
SID0000191,EXAM000G14,74
SID0000192,EXAM000G14,25
SID0000193,EXAM000G14,80
SID0000194,EXAM000G14,44
SID0000195,EXAM000G14,67
SID0000196,EXAM000G14,58
SID0000197,EXAM000G14,64
SID0000198,EXAM000G14,48
SID0000199,EXAM000G14,51
SID0000200,EXAM000G15,20
SID0000201,EXAM000G15,51
SID0000202,EXAM000G15,47
SID0000203,EXAM000G15,28
SID0000204,EXAM000G15,59
SID0000205,EXAM000G15,59
SID0000206,EXAM000G15,60
SID0000207,EXAM000G15,86
SID0000208,EXAM000G15,26
SID0000209,EXAM000G15,77
SID0000210,EXAM000G15,23
SID0000211,EXAM000G15,65
SID0000212,EXAM000G15,70
SID0000213,EXAM000G15,58
SID0000214,EXAM000G15,43
SID0000215,EXAM000G15,70
SID0000216,EXAM000G15,87
SID0000217,EXAM000G15,23
SID0000218,EXAM000G15,64
SID0000219,EXAM000G15,42
SID0000220,EXAM000G15,62
SID0000221,EXAM000G15,100
SID0000222,EXAM000G15,83
SID0000223,EXAM000G15,64
SID0000224,EXAM000G15,54
SID0000225,EXAM000G15,45
SID0000226,EXAM000G15,47
SID0000227,EXAM000G15,37
SID0000228,EXAM000G15,60
SID0000229,EXAM000G15,80
SID0000230,EXAM000G15,76
SID0000231,EXAM000G15,89
SID0000232,EXAM000G15,85
SID0000233,EXAM000G15,56
SID0000234,EXAM000G15,21
SID0000235,EXAM000G15,56
SID0000236,EXAM000G15,75
SID0000237,EXAM000G15,97
SID0000238,EXAM000G15,27
SID0000239,EXAM000G15,41
SID0000240,EXAM000G15,28
SID0000241,EXAM000G15,64
SID0000242,EXAM000G15,73
SID0000243,EXAM000G15,96
SID0000244,EXAM000G15,55
SID0000245,EXAM000G15,94
SID0000246,EXAM000G15,36
SID0000247,EXAM000G15,69
SID0000248,EXAM000G15,57
SID0000249,EXAM000G15,23
SID0000250,EXAM000G16,59
SID0000251,EXAM000G16,97
SID0000252,EXAM000G16,97
SID0000253,EXAM000G16,64
SID0000254,EXAM000G16,24
SID0000255,EXAM000G16,65
SID0000256,EXAM000G16,45
SID0000257,EXAM000G16,36
SID0000258,EXAM000G16,68
SID0000259,EXAM000G16,37
SID0000260,EXAM000G16,76
SID0000261,EXAM000G16,94
SID0000262,EXAM000G16,61
SID0000263,EXAM000G16,23
SID0000264,EXAM000G16,68
SID0000265,EXAM000G16,64
SID0000266,EXAM000G16,37
SID0000267,EXAM000G16,91
SID0000268,EXAM000G16,64
SID0000269,EXAM000G16,70
SID0000270,EXAM000G16,30
SID0000271,EXAM000G16,62
SID0000272,EXAM000G16,97
SID0000273,EXAM000G16,36
SID0000274,EXAM000G16,50
SID0000275,EXAM000G16,90
SID0000276,EXAM000G16,97
SID0000277,EXAM000G16,32
SID0000278,EXAM000G16,70
SID0000279,EXAM000G16,48
SID0000280,EXAM000G16,42
SID0000281,EXAM000G16,39
SID0000282,EXAM000G16,35
SID0000283,EXAM000G16,28
SID0000284,EXAM000G16,36
SID0000285,EXAM000G16,80
SID0000286,EXAM000G16,36
SID0000287,EXAM000G16,36
SID0000288,EXAM000G16,35
SID0000289,EXAM000G16,45
SID0000290,EXAM000G16,24
SID0000291,EXAM000G16,79
SID0000292,EXAM000G16,44
SID0000293,EXAM000G16,44
SID0000294,EXAM000G16,47
SID0000295,EXAM000G16,95
SID0000296,EXAM000G16,48
SID0000297,EXAM000G16,90
SID0000298,EXAM000G16,35
SID0000299,EXAM000G16,85
SID0000300,EXAM000G17,41
SID0000301,EXAM000G17,66
SID0000302,EXAM000G17,79
SID0000303,EXAM000G17,99
SID0000304,EXAM000G17,51
SID0000305,EXAM000G17,28
SID0000306,EXAM000G17,86
SID0000307,EXAM000G17,73
SID0000308,EXAM000G17,84
SID0000309,EXAM000G17,91
SID0000310,EXAM000G17,86
SID0000311,EXAM000G17,82
SID0000312,EXAM000G17,51
SID0000313,EXAM000G17,72
SID0000314,EXAM000G17,36
SID0000315,EXAM000G17,53
SID0000316,EXAM000G17,88
SID0000317,EXAM000G17,84
SID0000318,EXAM000G17,32
SID0000319,EXAM000G17,91
SID0000320,EXAM000G17,29
SID0000321,EXAM000G17,94
SID0000322,EXAM000G17,81
SID0000323,EXAM000G17,77
SID0000324,EXAM000G17,36
SID0000325,EXAM000G17,70
SID0000326,EXAM000G17,46
SID0000327,EXAM000G17,96
SID0000328,EXAM000G17,38
SID0000329,EXAM000G17,96
SID0000330,EXAM000G17,93
SID0000331,EXAM000G17,80
SID0000332,EXAM000G17,61
SID0000333,EXAM000G17,67
SID0000334,EXAM000G17,79
SID0000335,EXAM000G17,46
SID0000336,EXAM000G17,20
SID0000337,EXAM000G17,31
SID0000338,EXAM000G17,88
SID0000339,EXAM000G17,40
SID0000340,EXAM000G17,57
SID0000341,EXAM000G17,20
SID0000342,EXAM000G17,49
SID0000343,EXAM000G17,26
SID0000344,EXAM000G17,31
SID0000345,EXAM000G17,29
SID0000346,EXAM000G17,74
SID0000347,EXAM000G17,78
SID0000348,EXAM000G17,45
SID0000349,EXAM000G17,80
SID0000350,EXAM000G18,67
SID0000351,EXAM000G18,56
SID0000352,EXAM000G18,44
SID0000353,EXAM000G18,20
SID0000354,EXAM000G18,71
SID0000355,EXAM000G18,68
SID0000356,EXAM000G18,90
SID0000357,EXAM000G18,65
SID0000358,EXAM000G18,51
SID0000359,EXAM000G18,30
SID0000360,EXAM000G18,63
SID0000361,EXAM000G18,21
SID0000362,EXAM000G18,49
SID0000363,EXAM000G18,74
SID0000364,EXAM000G18,53
SID0000365,EXAM000G18,24
SID0000366,EXAM000G18,25
SID0000367,EXAM000G18,70
SID0000368,EXAM000G18,58
SID0000369,EXAM000G18,73
SID0000370,EXAM000G18,75
SID0000371,EXAM000G18,75
SID0000372,EXAM000G18,96
SID0000373,EXAM000G18,77
SID0000374,EXAM000G18,64
SID0000375,EXAM000G18,26
SID0000376,EXAM000G18,83
SID0000377,EXAM000G18,88
SID0000378,EXAM000G18,50
SID0000379,EXAM000G18,99
SID0000380,EXAM000G18,57
SID0000381,EXAM000G18,68
SID0000382,EXAM000G18,77
SID0000383,EXAM000G18,45
SID0000384,EXAM000G18,71
SID0000385,EXAM000G18,35
SID0000386,EXAM000G18,57
SID0000387,EXAM000G18,89
SID0000388,EXAM000G18,52
SID0000389,EXAM000G18,68
SID0000390,EXAM000G18,26
SID0000391,EXAM000G18,35
SID0000392,EXAM000G18,76
SID0000393,EXAM000G18,49
SID0000394,EXAM000G18,34
SID0000395,EXAM000G18,67
SID0000396,EXAM000G18,51
SID0000397,EXAM000G18,40
SID0000398,EXAM000G18,50
SID0000399,EXAM000G18,83
SID0000400,EXAM000G19,89
SID0000401,EXAM000G19,80
SID0000402,EXAM000G19,49
SID0000403,EXAM000G19,34
SID0000404,EXAM000G19,86
SID0000405,EXAM000G19,60
SID0000406,EXAM000G19,61
SID0000407,EXAM000G19,23
SID0000408,EXAM000G19,32
SID0000409,EXAM000G19,56
SID0000410,EXAM000G19,99
SID0000411,EXAM000G19,97
SID0000412,EXAM000G19,29
SID0000413,EXAM000G19,56
SID0000414,EXAM000G19,26
SID0000415,EXAM000G19,45
SID0000416,EXAM000G19,20
SID0000417,EXAM000G19,46
SID0000418,EXAM000G19,80
SID0000419,EXAM000G19,74
SID0000420,EXAM000G19,91
SID0000421,EXAM000G19,33
SID0000422,EXAM000G19,83
SID0000423,EXAM000G19,87
SID0000424,EXAM000G19,53
SID0000425,EXAM000G19,97
SID0000426,EXAM000G19,51
SID0000427,EXAM000G19,29
SID0000428,EXAM000G19,67
SID0000429,EXAM000G19,40
SID0000430,EXAM000G19,97
SID0000431,EXAM000G19,57
SID0000432,EXAM000G19,52
SID0000433,EXAM000G19,20
SID0000434,EXAM000G19,84
SID0000435,EXAM000G19,86
SID0000436,EXAM000G19,80
SID0000437,EXAM000G19,45
SID0000438,EXAM000G19,39
SID0000439,EXAM000G19,94
SID0000440,EXAM000G19,35
SID0000441,EXAM000G19,33
SID0000442,EXAM000G19,37
SID0000443,EXAM000G19,63
SID0000444,EXAM000G19,79
SID0000445,EXAM000G19,42
SID0000446,EXAM000G19,47
SID0000447,EXAM000G19,85
SID0000448,EXAM000G19,75
SID0000449,EXAM000G19,82
SID0000450,EXAM000G20,94
SID0000451,EXAM000G20,23
SID0000452,EXAM000G20,92
SID0000453,EXAM000G20,76
SID0000454,EXAM000G20,83
SID0000455,EXAM000G20,70
SID0000456,EXAM000G20,92
SID0000457,EXAM000G20,93
SID0000458,EXAM000G20,32
SID0000459,EXAM000G20,41
SID0000460,EXAM000G20,90
SID0000461,EXAM000G20,32
SID0000462,EXAM000G20,66
SID0000463,EXAM000G20,89
SID0000464,EXAM000G20,35
SID0000465,EXAM000G20,70
SID0000466,EXAM000G20,59
SID0000467,EXAM000G20,49
SID0000468,EXAM000G20,99
SID0000469,EXAM000G20,51
SID0000470,EXAM000G20,81
SID0000471,EXAM000G20,54
SID0000472,EXAM000G20,44
SID0000473,EXAM000G20,36
SID0000474,EXAM000G20,42
SID0000475,EXAM000G20,32
SID0000476,EXAM000G20,46
SID0000477,EXAM000G20,73
SID0000478,EXAM000G20,75
SID0000479,EXAM000G20,65
SID0000480,EXAM000G20,30
SID0000481,EXAM000G20,84
SID0000482,EXAM000G20,33
SID0000483,EXAM000G20,58
SID0000484,EXAM000G20,40
SID0000485,EXAM000G20,45
SID0000486,EXAM000G20,97
SID0000487,EXAM000G20,48
SID0000488,EXAM000G20,95
SID0000489,EXAM000G20,34
SID0000490,EXAM000G20,66
SID0000491,EXAM000G20,84
SID0000492,EXAM000G20,66
SID0000493,EXAM000G20,55
SID0000494,EXAM000G20,56
SID0000495,EXAM000G20,66
SID0000496,EXAM000G20,71
SID0000497,EXAM000G20,66
SID0000498,EXAM000G20,76
SID0000499,EXAM000G20,85
SID0000500,EXAM000G21,22
SID0000501,EXAM000G21,78
SID0000502,EXAM000G21,26
SID0000503,EXAM000G21,81
SID0000504,EXAM000G21,20
SID0000505,EXAM000G21,88
SID0000506,EXAM000G21,99
SID0000507,EXAM000G21,74
SID0000508,EXAM000G21,92
SID0000509,EXAM000G21,24
SID0000510,EXAM000G21,56
SID0000511,EXAM000G21,91
SID0000512,EXAM000G21,81
SID0000513,EXAM000G21,30
SID0000514,EXAM000G21,88
SID0000515,EXAM000G21,62
SID0000516,EXAM000G21,24
SID0000517,EXAM000G21,44
SID0000518,EXAM000G21,96
SID0000519,EXAM000G21,64
SID0000520,EXAM000G21,72
SID0000521,EXAM000G21,93
SID0000522,EXAM000G21,46
SID0000523,EXAM000G21,43
SID0000524,EXAM000G21,24
SID0000525,EXAM000G21,54
SID0000526,EXAM000G21,44
SID0000527,EXAM000G21,48
SID0000528,EXAM000G21,97
SID0000529,EXAM000G21,77
SID0000530,EXAM000G21,38
SID0000531,EXAM000G21,63
SID0000532,EXAM000G21,26
SID0000533,EXAM000G21,97
SID0000534,EXAM000G21,59
SID0000535,EXAM000G21,58
SID0000536,EXAM000G21,99
SID0000537,EXAM000G21,49
SID0000538,EXAM000G21,86
SID0000539,EXAM000G21,51
SID0000540,EXAM000G21,47
SID0000541,EXAM000G21,78
SID0000542,EXAM000G21,54
SID0000543,EXAM000G21,91
SID0000544,EXAM000G21,80
SID0000545,EXAM000G21,92
SID0000546,EXAM000G21,55
SID0000547,EXAM000G21,31
SID0000548,EXAM000G21,83
SID0000549,EXAM000G21,95
SID0000550,EXAM000G22,56
SID0000551,EXAM000G22,94
SID0000552,EXAM000G22,64
SID0000553,EXAM000G22,79
SID0000554,EXAM000G22,78
SID0000555,EXAM000G22,96
SID0000556,EXAM000G22,20
SID0000557,EXAM000G22,58
SID0000558,EXAM000G22,49
SID0000559,EXAM000G22,80
SID0000560,EXAM000G22,58
SID0000561,EXAM000G22,79
SID0000562,EXAM000G22,74
SID0000563,EXAM000G22,85
SID0000564,EXAM000G22,95
SID0000565,EXAM000G22,28
SID0000566,EXAM000G22,59
SID0000567,EXAM000G22,81
SID0000568,EXAM000G22,83
SID0000569,EXAM000G22,99
SID0000570,EXAM000G22,61
SID0000571,EXAM000G22,91
SID0000572,EXAM000G22,49
SID0000573,EXAM000G22,93
SID0000574,EXAM000G22,25
SID0000575,EXAM000G22,31
SID0000576,EXAM000G22,99
SID0000577,EXAM000G22,66
SID0000578,EXAM000G22,25
SID0000579,EXAM000G22,86
SID0000580,EXAM000G22,37
SID0000581,EXAM000G22,21
SID0000582,EXAM000G22,94
SID0000583,EXAM000G22,95
SID0000584,EXAM000G22,80
SID0000585,EXAM000G22,46
SID0000586,EXAM000G22,74
SID0000587,EXAM000G22,89
SID0000588,EXAM000G22,98
SID0000589,EXAM000G22,62
SID0000590,EXAM000G22,41
SID0000591,EXAM000G22,97
SID0000592,EXAM000G22,94
SID0000593,EXAM000G22,61
SID0000594,EXAM000G22,51
SID0000595,EXAM000G22,71
SID0000596,EXAM000G22,66
SID0000597,EXAM000G22,80
SID0000598,EXAM000G22,62
SID0000599,EXAM000G22,52
SID0000600,EXAM000G22,21
